D0,D1,D2,D3,D4,Outcome*
-10.241690389763605,-2.811755588602894,-5.368962655949246,2.8969691506367705,0.5019110454147168,0.0
-10.239010935246776,-2.2556614575261644,-4.4501402427095345,2.5292089159929643,2.0341429271527387,0.0
1.5240556003136723,4.410198910271742,-3.3738300675329773,-6.445447487028732,-7.601461562805115,1.0
-1.8474499341168695,1.5061397944376589,-5.937181607444118,-9.826260613909719,-4.81800275479425,1.0
4.236360288250617,7.370809095938254,-3.4818004795837543,-7.335308609254224,-2.498422695843152,1.0
0.613896357964656,7.400407559041783,-5.091145264631724,-9.516471911897433,-5.981333912562788,1.0
0.7220153364034537,10.858091040912981,-6.645380825849817,-8.344668075062623,-7.927180141239605,1.0
-8.983968694912095,-0.8278804708631995,-3.230066245477733,2.755083066211918,2.246061553694946,0.0
1.6890074534526998,6.838090791851243,-7.443650819493047,-9.985269736342804,-7.562764445964257,1.0
-0.39386114371728465,10.150008035748895,-7.645389417267045,-8.509882749669435,-4.54095028640689,1.0
-9.829290266507288,-0.8682027737377886,-4.5363639606895685,3.5570027638917696,0.7954859171963469,0.0
-10.510815843722046,-2.0124370706757055,-4.612441615139136,2.7710576341998245,0.5215154642311949,0.0
2.4102117004134676,5.568281478839254,-7.263440378297545,-7.5861568234765855,-5.98756816875882,1.0
-9.237285593138829,-3.1429417877387373,-4.783344920968171,4.018224990674736,1.1016382327510725,0.0
4.036105542161819,-2.1453255370849065,-1.501959215709933,-9.397598990980951,-0.20677557422237847,2.0
0.9012766842747748,-0.2363342275299809,-0.3827837210630104,-4.400607983801494,-8.566743745098162,2.0
-1.0907873055853954,7.354426937879568,-7.140155150344295,-8.699272667834501,-4.14548837015271,1.0
-4.0019557519397075,9.037043641862121,-5.023273968354439,-12.083933696948163,-3.7610404406036606,1.0
-2.4120332914516798,9.828454842963803,-2.744323950412165,-11.068448116867332,-5.109800560582706,1.0
6.930343934706929,-3.6383481310938066,-1.1863517346345347,-1.2108313326749123,-3.282112839671261,2.0
-11.291276343247072,-5.17080903786456,-9.063128880219562,3.533322694525892,2.1012104274681924,0.0
-1.6083504311342025,10.30168271297423,-7.034802128149026,-6.7601022573799945,-3.3761675513081952,1.0
8.216397418936838,4.70587775042447,5.300682754106899,-7.587768387506819,1.1647898542638213,2.0
11.033594290413028,-1.518906567344557,1.7303344716826543,-10.64923496862184,-6.93804066611032,2.0
0.3710351404400524,7.774557678735562,-4.0238076336353465,-13.576880635454678,-3.8077194596937556,1.0
5.380247639332203,5.206296037838024,-0.022630086355343637,-3.471919955118551,1.6400750765446688,2.0
-2.2529138600955947,7.1227540966115495,-5.517449079907951,-8.023779791424172,-5.329974948095637,1.0
0.912893364594263,8.863462501147012,-7.7214819125550225,-10.08210712576853,-6.322162119326777,1.0
-0.8030347213427796,8.469245330790715,-3.3499729115963515,-12.649848992391467,-8.213454174438796,1.0
4.2529286661109085,-1.3644972155488495,-4.69451656995508,-6.881515333054029,-6.23560660381858,2.0
-0.1658073451485338,-0.6974226216862549,-1.0700236386681352,-13.563437440642554,4.620376227688477,2.0
-9.355710730165608,-2.486293230100683,-4.3299827740081165,3.925003620456973,2.0408500824888374,0.0
-9.952250938925172,-2.5154472481741985,-2.7300126286785824,2.630293750504039,0.1601329245695945,0.0
3.513718871415182,6.464337209369443,-6.9591889316069615,-9.017378925901703,-2.372207800838675,1.0
-4.292547360999214,5.575044875185526,-3.293223325540853,-7.998112392645392,-6.2431595073864425,1.0
3.4541919435233748,6.442419449978744,0.4485737726065908,-9.90225108748757,-3.3029479728941786,2.0
-10.738853039769936,-4.785123548053923,-5.344774417757301,4.776963884800362,2.231450629857261,0.0
2.923143562831706,-2.8028059716444855,-1.3329392186919373,-14.060570025903736,-5.906205723167243,2.0
-11.006924646625972,-3.6403063702140472,-4.289523357868106,5.7135192646620645,1.8076220334176418,0.0
8.078129306026991,-2.2274874354949916,-5.190009997685376,-5.774574084279278,-7.856639472323487,2.0
-9.577450664585415,-5.037692940168384,-5.440121514181364,2.9229586676475403,1.3663049165436911,0.0
0.8599616398060783,8.397702239991427,-3.9383920517220687,-7.026794237110667,-6.837970195950424,1.0
7.026015700452914,2.76036151374203,-8.377804034967141,-4.876556756887391,-9.13170670628994,2.0
-10.212445086488591,-2.3293316784590505,-5.496536107611695,2.8689645480984423,0.23322601489124017,0.0
-0.7311885122054647,7.830619930725675,-5.32873568559648,-9.666405625182264,-3.7156178864156666,1.0
0.7297130637374563,9.012254002518002,-6.046033046064217,-10.293641953844949,-6.716940947767609,1.0
-1.981562174625299,7.8127696896898335,-7.463901343240844,-9.14595574084037,-6.6215463680413755,1.0
-9.369975212619938,-3.3228772243675313,-5.136062978737961,2.322110042422339,-1.6212297322239642,0.0
-1.1735567218802208,6.666991556898415,-6.518402745029792,-10.365387003250403,-6.724601399245198,1.0
-10.519659160421549,-2.157049183311632,-3.4791798981458513,3.014288375619061,-0.1336864707165908,0.0
-9.099737943367613,-2.277732743787946,-5.2787846739967925,3.569681070102301,2.398565314512898,0.0
9.962141623249272,-1.890371504264854,6.382890868375871,-7.914605845304128,-2.3483860946156017,2.0
-7.907469430808511,-5.40522638125329,-6.606184012373786,4.7330619535548655,1.8490979462953443,0.0
3.7754628213115358,5.683156945164278,-1.9557600982838195,-7.45292758226296,-4.2686597151661125,2.0
-9.719839411740997,-3.4768815850196786,-6.4019806488408815,3.8867553866314157,-0.3179028646504154,0.0
7.956103412750709,0.6076368152289624,5.155363812343346,-9.6430554674386,-3.213839823497856,2.0
-0.3330933635415483,7.669082579557321,-5.46661797842247,-7.406271654789898,-7.82372167048093,1.0
1.3653369002300435,4.576868404135954,-9.134481406840626,-7.641113768343171,-6.097963672530298,2.0
0.45032996796911406,9.82448460381589,-7.905286202490577,-6.129176711688245,1.1819891757862875,1.0
-7.800032214555944,-0.9040131201656498,-3.5967950826669277,2.3911428286594587,1.6232623153923191,0.0
4.707018031093619,0.9677072394665793,6.73748972675647,-5.757873327661381,-6.758513868580421,2.0
1.380083554264167,10.015103002621506,-4.68829920390548,-10.33147895330074,-6.878279766244502,1.0
-9.33990825518719,-3.2781827340404233,-5.580465370590346,2.3350306244242014,0.864376815058611,0.0
-9.424252338376782,-3.074342475377681,-4.802056006033572,0.7387063608579316,0.4674532773358406,0.0
-9.939722240757908,-2.7252341824344777,-4.603822397689942,1.0323881879629773,1.4365706705736794,0.0
2.365835161419474,0.4504448660447927,-2.113908888207782,-13.55317246214259,-6.403605465998387,2.0
1.1557082559303433,5.582465060362164,-11.491230186695294,-7.05189210570253,-3.370382669912359,1.0
-9.118755833193369,-2.0355253071087724,-5.4237350587535555,4.725062433358296,1.8622416713737833,0.0
3.254527698156172,3.3573515548753154,3.193001419743538,-7.731755806438278,-6.325077734047452,2.0
-9.128649942775416,-4.631439232381309,-5.4349125277399795,3.392242079027127,0.11001626642018292,0.0
-1.4567174820538353,5.094991617853273,-5.311681899554121,-11.658667065282785,-5.618422235235913,1.0
-1.1458844122394196,9.68609014687703,-5.708152520906406,-9.149262708534218,-2.3035374409798703,1.0
8.79853495890935,2.751769297580729,2.4979779479280992,-1.6209329261134728,-12.336226475605674,2.0
-8.176226435381759,-2.3988063439817555,-5.7208745646156975,2.820295387918654,3.833855096513224,0.0
1.7912911427578604,8.547250753599776,-7.355943207403556,-10.520050218479145,-5.835550744358501,1.0
6.71697353811532,7.035647288203865,0.14033457748524644,-9.575128474589132,-2.875906930464149,2.0
8.723527367804312,2.0010158889555076,-1.4199700168064255,-0.6248511275655382,2.2523373659385593,2.0
-2.7850109671686423,11.06445916909375,-5.081342831915013,-8.920034052934593,-5.246614130659015,1.0
16.675439513178766,3.673755155875221,-3.0366272683781497,-3.9197694489709036,-11.305702249528917,2.0
-0.5321961202045138,8.436685289251077,4.396729014585285,-4.55727460061868,-9.43044401165082,2.0
12.229669849676338,8.263712428644943,-1.022826819026846,-9.403261132962992,-10.391227447510332,2.0
-0.4099044714033561,10.69449675078602,-4.307622690159929,-6.416479007138385,-6.334001333945187,1.0
-8.21093270984471,-1.8071507136749956,-3.38407362966246,3.8541850497815195,1.09505484627308,0.0
8.10868887542769,-2.899585712177446,-1.8433262750895314,-11.997456577442003,-3.419439557007823,2.0
-7.917684694885123,-1.641373919407711,-4.970520157920828,0.7353151137654321,1.224338080364545,0.0
-3.737176865286575,7.033407714909442,-4.848513302823721,-4.395333821166292,-3.4339195537166467,1.0
1.1160488685369883,-0.09270577742920105,2.9973205973694337,-5.203370503073507,-5.1301996156067275,2.0
4.614933148848415,5.1301189138746714,1.1473369522534118,-6.682007206837416,-2.2381381414949635,2.0
-10.509178104906816,-3.2950633589379725,-5.787193709758965,3.86076805451067,0.8328862300342068,0.0
7.121093511855743,0.03689474659482883,-2.406232791199864,-14.311282183909878,-0.021580570981711844,2.0
1.1387107226764024,4.484465034116601,-7.105193771786913,-7.822032257539758,-3.698334204023673,1.0
-8.112509743241944,-3.6395400991583315,-5.289173524252528,2.5425140003680333,0.719406578986578,0.0
2.0849639297009226,7.287343345272869,-3.78684230932171,-14.377983730468848,-4.949352276966917,1.0
-10.917974933414992,-2.757651695875036,-4.837508623568876,1.3347946030344024,0.9034824053557514,0.0
6.781439948210656,2.7953601153408414,-2.0318003177767148,-8.554229984635736,-9.619034016606916,2.0
16.5562512110551,0.8838008945576746,3.3471303523755855,-8.131591051065325,-5.365369964997861,2.0
8.547059470622347,7.300479691965337,1.573068225172257,0.27329847163521404,1.3835784910043953,2.0
-9.117874582428925,-3.223552710726785,-5.828952862520123,2.1336707831652735,1.2144620089207678,0.0
-9.433365455080304,-3.381260652189248,-4.489375582696891,3.445288956758766,0.32804479790335084,0.0
-10.206086225221739,-2.106095151192573,-4.552499398092645,2.8044393360255038,1.949615874534095,0.0
-9.44040042942823,-3.889141345245229,-5.990233972176392,4.211120254324861,1.1092974306979901,0.0
-0.7955439427546575,10.476393990758673,-3.9226056539523353,-7.942976098486192,-4.421046976945258,1.0
2.5382219985834107,-0.5636007541761088,-2.2896611756468577,-16.160519402413165,-1.3826950665346194,2.0
8.79835905677705,1.9114162459045367,1.6840598166550875,-8.398243816184399,3.9730379508233407,2.0
-6.894910096036728,-4.745919057045801,-4.730562286038335,0.928652431528243,1.2963771304184042,0.0
9.694908462089433,-0.4978914534343246,1.8825166952365318,-15.384800994664168,-7.268068928626117,2.0
10.310069298507083,-7.6939130000029134,1.075779916499847,-4.06378181037116,1.5658238775806295,2.0
-8.049868614284039,-3.1438517462695277,-4.11841857045747,4.349337115152663,1.0729487313846362,0.0
2.4519714169884512,-6.176881305893885,3.261479022453884,-7.115235544365706,-3.8853673736557095,2.0
7.561835115535107,4.10808624340506,-1.2398635093475792,-2.421310174160137,-1.8156985714477953,2.0
12.161414995911137,10.141471599960107,-3.1422744071290007,-13.62050310129116,-3.7633103038824975,2.0
3.467783682025638,-2.7691864241331894,-4.1967785552425125,-4.431617442523071,1.9074404031260288,2.0
-8.85445342834107,-2.012021608391425,-4.9650635707682085,3.593240508805023,0.9120762617777547,0.0
-12.305647606627236,-2.2694775419043585,-6.105624076469171,3.4489992242441607,0.3409908947699595,0.0
5.442880508264903,8.14106082299638,-0.9274912845465653,-10.40486445778755,-8.753263068527762,2.0
-9.696848721883214,-2.31207377401452,-5.306016531668429,2.618483653962818,-0.005845439335269709,0.0
2.1658503130532467,7.782348172972502,-6.625630175548888,-6.819815956031392,-4.043820185406425,1.0
5.9482134487256335,-0.3555473608843067,-2.328596491267561,-8.115278906124589,-1.5574359923248595,2.0
-2.352618076924053,10.007185311457011,-7.154909718121852,-9.060035333478455,-5.601155585312016,1.0
11.974232892607446,1.2884277444958656,1.0446498545478704,-6.637306558431611,-4.93326521157338,2.0
1.8145846208467515,8.30763116541579,-4.585795161679074,-5.847675442683206,-3.300480155393833,1.0
-1.6181117874878161,-1.0598101015158616,-2.2952350379729376,-4.474076819704669,0.14437250963208914,2.0
-6.590179480950356,-0.028924307849908626,-4.02845062542668,-6.980258387027712,-5.2100905356402425,2.0
13.422712122564212,1.0439833258851032,1.6621278689402896,-8.064977412845922,-2.9409101559394424,2.0
3.193112795509213,5.698656674645663,-5.314151858927521,-8.445647467475021,-3.3462113904491906,1.0
7.159700657770859,4.981074666623931,1.1296692267748374,-6.965166571371053,-0.14775671925480172,2.0
0.6999319176561751,4.911092964806663,-4.859780348900859,-11.935620446444378,-7.064408922348849,1.0
7.439310655692539,-1.498019810333433,7.913696780055864,-14.685506748808143,-5.1298272843021815,2.0
14.193446876770457,-1.5220996728700187,-2.6828185277855403,-5.573773224578423,2.64630289079346,2.0
3.365909697487677,-2.2021023975806857,-1.678025306785564,-10.284344148404438,-0.9442541559001811,2.0
-9.405530995912196,-4.478513981473583,-5.5311820893299135,4.214529490152759,-0.04273837268966463,0.0
-8.435680718089264,-5.548273764370009,-4.567657592667617,2.530401059332659,1.4432975659100706,0.0
-10.174495603432941,-4.510820461051984,-4.6965912452779,3.057284106564355,0.5609828050384478,0.0
-8.130426134536469,-1.9932866986275672,-5.815219553549015,1.4599700426446405,2.7399168802134133,0.0
-10.421827847692573,-3.9365697188452495,-7.318801931478915,3.3316209203581573,1.8027762658682676,0.0
6.6983706525325974,2.038556899135976,4.290050291551842,-11.405918834267123,3.366807357952906,2.0
-3.2508536092322218,5.711696116965819,-6.315582564032296,-7.996159584359006,-2.9029944309471327,1.0
-0.1624225061200031,8.678582035006542,-5.773344938321419,-8.799409395306178,-4.346598890229295,1.0
9.82576938769466,2.9299512283020386,3.912793565835156,-10.917709351634489,-8.453293918369756,2.0
6.734055135987303,-1.8369225245888683,1.3203751470788978,-13.842872176551776,-5.324925317885969,2.0
-9.685161649264636,-2.459931394167027,-5.3935092704162395,2.937970208586534,1.0208021695662826,0.0
-9.289878008820624,-2.5397233026295205,-4.783254178554787,3.6595526988954723,1.761739461126682,0.0
1.2166138304026486,4.583396713008305,-4.853975976205003,-9.601532490744384,-4.032463658021134,1.0
-9.85390953932113,-4.822784343501981,-5.573882544996771,4.770615739234153,1.2039844219999822,0.0
-1.3360310882347615,11.31001385972171,-2.339525878976106,-9.182263890693102,-5.658729875208356,1.0
-8.99064498636679,-3.1117480203872865,-6.061627547333603,3.651382369265863,-0.9738466953813383,0.0
-8.445041794860359,-3.2680225495880224,-5.716912924982334,2.8416376249924507,-0.6449687075310722,0.0
1.614762283724815,3.887749960287864,-5.004332190587469,-2.1612613006345214,-8.291006135915865,2.0
0.3978194757014626,5.753799908357342,-5.629335913473156,-10.489413313520641,-6.986890203476297,1.0
7.668578282895928,-1.5886926258899718,2.3490469626131745,-14.790188126292389,-1.8481410490881862,2.0
6.407478255396437,-2.45023131494382,-4.83239916727959,-9.580982319169948,-7.28419973968822,2.0
1.7556832456542137,3.444000951247075,-7.217519660962651,-10.478088147104366,-4.523977201057235,1.0
-2.8942871834137183,9.22944999895619,-8.759589007278123,-11.978578555607342,-4.023931696868555,1.0
9.95795589371809,0.9440048006533314,2.4213117333747056,-4.431978235928077,-3.909547027960604,2.0
1.5734782703309027,4.1213078244498025,-9.092337065372538,-5.172523461449066,-3.610076279983534,1.0
-8.696706948399354,-4.0247368389353575,-5.150891996928619,4.649096395614031,1.2131764450925961,0.0
-10.929602087521229,-4.132677414931399,-5.882743105294216,2.809893187444729,1.121640772484723,0.0
-3.4612243499126447,9.250832996861938,-3.870469003582887,-9.364966636830145,-3.333219341105888,1.0
-10.567978705286045,-3.1656818705225547,-4.776385267992408,3.0049903667573457,0.8773764160366608,0.0
0.7378747745488312,5.509920014089545,-7.252741684289306,-11.244438117032507,-1.1187620635890356,1.0
4.951395280621589,2.8337884380667155,0.06370574377271704,-13.399268715431429,-4.182314101531633,2.0
2.3971300589587656,-0.06605644922476928,0.6620304174351657,-6.600836531456484,4.492195802021227,2.0
-9.519553461275033,-3.2731297193428714,-4.09792913349929,3.2149751909933566,1.6237688419482987,0.0
-8.732733515712571,-4.481715933128919,-5.625373789755515,3.4915937003539868,1.276344185377563,0.0
-9.862127090813972,-2.815497510941535,-5.183515352450746,2.822950592115038,2.118100261885421,0.0
-9.447265875994177,-2.8901116336443375,-5.574860983219755,1.792839135627323,0.9803489607531184,0.0
-1.2786297494849712,8.158147056024282,-7.277309523957277,-8.689814495329887,-4.342279236719211,1.0
-0.4816905207917601,9.561036089034868,-7.178952947297057,-13.197372423441877,-2.713345614953643,1.0
0.7434764105895776,7.4356572770908365,-7.342755298515961,-10.258573199426579,-4.717674621033371,1.0
-10.354415786355682,-1.7798507052122825,-5.210980048075625,4.517985232213865,1.5782802793515152,0.0
2.2645587295398273,7.919679214838692,-3.607213327947184,-8.747825327646028,-7.387562982439461,1.0
4.871349466454241,-4.865772498567524,-4.9998994213154875,-12.33345762713046,-6.351222997816626,2.0
10.066040637540816,2.2373712348756225,-1.1149581122129362,-6.160255492626426,0.05847431106095691,2.0
-7.20444471385543,-3.5291598754405915,-5.026333497715681,2.9719844872302685,1.894463351679586,0.0
-8.99937242983705,-1.1454715456949716,-4.123746021588305,3.033295402910228,1.297615956935828,0.0
8.060233949257743,-3.92552985842042,-1.7070977826453735,-9.639568067704612,4.656525452627323,2.0
4.755175882082349,-0.7956451458724303,7.84270787863164,-4.819246757836842,-6.926353596132088,2.0
4.0178696052534,3.5058420206646743,3.116567949611098,-5.83237827589798,-4.228664434345332,2.0
0.668291673275904,13.097621783636878,-6.491880469598771,-8.279332853731118,-4.305867845836435,1.0
1.0642848690383608,9.282365901599835,-5.237813500322608,-5.364561704802604,-4.247502585545483,1.0
0.5391961918994992,4.601101776419165,-7.2996508444144315,-9.607082982634097,-4.863363699331802,1.0
3.31218301986289,2.3933391426067754,0.2946993633548989,-7.740092288026012,-4.542430223704166,2.0
5.845421089331829,-4.086649424748459,2.942648822544204,-9.2687050286177,-2.697267937164758,2.0
0.7640822678134844,4.2928532817255025,-4.468681259438136,-11.429502786646864,-6.655174936885014,1.0
7.780538699411924,5.240531891674397,-5.039773489299017,-7.738874449946461,-1.2598113550501282,2.0
4.754028119000742,5.047766852447928,-2.973063981300472,-8.390989047274832,3.1726024076630273,2.0
14.60173882236719,5.2876549770159285,5.8855036137348185,-10.959713217902285,0.4784465525771111,2.0
0.9555310828631147,4.220824910978397,-2.500492976073487,-8.773549905355676,-5.474271023582437,1.0
2.520268595602634,-3.645483495294507,2.6743587292029214,-11.163305638414387,-6.020795578859652,2.0
-7.560950329880402,-3.052423183783416,-4.378459617322041,3.179684739057427,-1.7800984192795046,0.0
1.5434371126930986,12.492754377966886,-5.65568587372581,-13.209880462516242,-4.519518401214625,1.0
10.39158318899413,-0.31779670212506517,7.053066310266219,-9.730951867440268,0.7044091509014785,2.0
-9.124670877190303,-3.779594002183515,-5.460364717565335,3.828654859540591,1.3739641292731428,0.0
6.849146540866425,3.2420458645396053,-2.6319565850693296,-8.584746888476234,-5.229107645327154,2.0
-9.450639081439236,-3.648213974441222,-5.6741403182431585,3.9562476984108987,0.6009238631860232,0.0
0.19759626082005216,6.009742354855666,-8.863360071599857,-5.720531371280291,-5.313816385638575,1.0
0.015819311220226187,7.572298674574751,-4.185976763613432,-10.714776447146257,-5.2909745360365195,1.0
-10.184545383044895,-3.089569417443457,-4.893120053991463,2.566196376841949,-0.6317268553584661,0.0
2.254200138909187,7.696366494840443,-4.0834055422717155,-10.737377567145465,-4.366115017610684,1.0
2.491841072379303,10.291161271616305,-4.226023790253921,-7.4163039900699665,-5.041328752388687,1.0
10.147622694569641,3.686823128727174,4.009499830164405,-7.785835212408522,-0.9544656139146883,2.0
-10.439521857663143,-3.828750926556335,-5.5939206655294385,3.0186397033675876,1.23018386177329,0.0
-10.095714424562994,-2.8990233976882807,-4.854027575612324,3.6434202598074554,-0.3205654733049925,0.0
11.20822097010446,8.464102431970177,3.8505442297373023,-14.366728558226349,-1.4255277918005513,2.0
-8.882734951004029,-3.8379329703314733,-3.4920740891207656,2.940202781138021,0.21506597555347085,0.0
3.0079402649721283,4.750491808304404,-3.287590297974476,-8.87452839270158,-2.980134912517658,1.0
3.5821058031642483,8.574436498016677,1.7021421614095242,-9.268179099799442,-2.3630956742089078,2.0
-3.06022201353396,7.576768757618263,-4.490354661726239,-7.977594391872717,-7.507209502902185,1.0
-10.177206886084269,-2.758577271181724,-5.821846324627208,2.5874655517671648,1.2392863563365073,0.0
7.413729996396305,-3.8662290346202592,-0.4282041994040522,-11.635821137427431,-0.11057372082832373,2.0
-0.5918037807096097,5.84293661244239,-7.543197313366068,-10.024971136624927,-2.855950599887732,1.0
7.32461997658166,3.363685749474919,1.371464326645898,-6.711649217331267,-6.656121478490267,2.0
0.29428888573698814,5.22711407939299,-2.6231203113284547,-7.663768938102017,-6.265962228252299,1.0
-9.557804199506398,-2.438490631983978,-3.5951544700502502,1.7809495148739114,-0.8761581533255385,0.0
1.4044073560242651,-4.7784640790037045,3.750082077543647,-15.60663013494602,4.429073109782976,2.0
-7.7353265627107515,-3.7578347332984623,-4.3539644940937094,3.784252043263479,2.180853595239566,0.0
3.92315562018033,-5.1069177790317495,-0.0708740059241707,-8.711076743783991,0.6823525598041509,2.0
0.7411286046640788,8.784283598078689,-5.808901730192627,-8.598099362101673,-3.2872731595859292,1.0
0.05866610131991756,9.841136936342886,-6.361679648530901,-9.007289676820179,-6.802734283881441,1.0
-10.639510241789043,-4.4161201246247055,-6.297422424411689,2.8563237012333405,1.7989243021365113,0.0
4.463445417920692,-9.364742241272907,1.6385725943773024,-4.034998015101712,-1.0513603257285387,2.0
1.6923131101474742,4.959107728474848,-8.725913302026505,-6.388168917222773,-3.6935499097926,1.0
-0.15042642978151846,5.5605262553939605,-6.887073638088431,-8.405439615282653,-5.9129828887236915,1.0
-0.7386185444338965,9.688936342971427,-2.2645586458072575,-10.69531433377047,-5.920941478766633,1.0
-0.06848631461711341,6.970919078255006,-7.955292847703424,-9.848265429856303,-1.2717059256810255,1.0
-9.541364390433039,-5.45145811130608,-4.710777833595773,3.93201970885121,1.361811954833235,0.0
3.0113624427082093,4.203282528736166,-4.714247862606633,-10.762514954083551,-6.17358492862134,1.0
0.9348337122637895,11.226627690568966,-0.2918745101752944,-4.888171125109283,-10.776769811763176,2.0
2.022984270735253,9.47806747841943,-6.836587888831325,-12.413315271009694,-3.272039254124071,1.0
5.302387546772241,-1.3944546112061866,3.4892135329577467,-9.345702289954158,-7.323073343710009,2.0
13.203351879000731,5.06759869615452,4.629462256116263,-6.596195034139777,-3.8566646752201907,2.0
2.4935720139682185,-0.5444472634195472,2.0463984765124703,-12.15830398893221,-7.734205195083253,2.0
-0.1706859360783799,2.5606268518032165,-0.47417893548108536,-5.798049258315188,-0.15748538094594178,2.0
2.727568930766147,9.065598493620534,-4.020878901921952,-10.443082018670951,-2.806722054097291,1.0
3.430926475247228,3.209882850668773,-9.136570184084881,-11.35274633140467,-5.458813744517987,1.0
-10.284550046840334,-4.255703982114079,-5.3566008947179675,2.891430204869199,0.25862846231308656,0.0
6.080138044907565,-2.1035885452426535,-4.330602457832811,-7.426666396049863,-1.4797274704270973,2.0
-10.282257812823323,-2.3692439670758745,-4.868802247432487,1.9388272962121704,2.9305028170117113,0.0
0.38665331879342785,7.32816020513056,-10.562578413266891,-8.988330535896203,-4.4192321245191275,1.0
-8.048371775177626,-1.8591363493679036,-3.7146287315754143,2.1729397640182357,0.277028682066248,0.0
0.5060470232594623,6.765412384198419,-4.0343716278726065,-4.942035759679338,-7.5439492945779065,1.0
-3.187017979912172,5.600508465516123,-8.842768827045276,-11.107619542309262,-1.1975840963255457,1.0
1.9854166993054956,7.973203027419997,-3.4731737373868654,-9.3459793774943,-7.008604816731034,1.0
-0.26093624153124306,10.696337687480712,-4.648758251178954,-10.685027597543172,-4.999200916981181,1.0
0.5295392886540551,1.9750060149817972,-4.718397445873202,-13.87110818333049,-1.4145538768737358,2.0
-8.956381619054216,-4.272434006026404,-5.992811343628656,5.131141978557987,1.420895515978326,0.0
-9.373399531047252,-3.848524976258533,-5.931192724109605,2.7936821650247223,0.9194878892095836,0.0
2.218199121269838,0.0863131973246849,-2.3310242511959545,-8.09102450406782,-4.788336013054485,2.0
-7.61522164212256,-4.803765883021725,-4.671155866244309,0.7006865176119312,1.5902886368602387,0.0
4.387243248790539,-3.1320618547259764,2.1536419807202485,-8.78982718966382,-4.593063017394879,2.0
11.588740290642484,2.712092025962472,10.813711336552496,-2.4653867848294606,1.1262130796640157,2.0
0.3889627722646146,5.873977251650689,-4.531933994506244,-6.781078027291523,-4.3811663477001455,1.0
-10.065309006385384,-4.0947081265099285,-4.4765043358239955,2.3229015419928696,0.800558596227243,0.0
-9.91210058680046,-3.2260886401458957,-6.745884164294087,4.483267855705693,0.7882215597713146,0.0
8.616232896332228,6.875062624123744,2.5147713436426615,-5.357632325415331,-1.8054564917015996,2.0
-12.285779753827345,-4.183477352820401,-5.720434687942471,3.1201186440412965,2.1276916029630213,0.0
-0.25686225731962353,8.193494601990928,-5.5434523405727925,-12.796859395431479,-5.436673157194582,1.0
-1.5896580245436294,8.86267608544297,-5.294608733593295,-6.275523297595397,-3.201232031091639,1.0
-0.3522218002731652,-5.7639995944529065,-0.09660209492805533,-0.6304609273391444,-8.18178949419067,2.0
-1.9543938785455088,6.738092492240923,-3.6389877290069403,-10.278085760218444,-6.03428788570157,1.0
-7.6972060817250725,-4.071061822584737,-2.260211701158383,4.950243837990028,-0.16753301506801543,0.0
-1.0923023353958699,5.5867096491348205,-8.219347855833956,-9.988533600806013,-5.1530313287662315,1.0
7.003273500410702,-2.2958536524816187,1.2036227833147735,-3.779460776347968,-2.946255734663137,2.0
0.05544723709897603,4.147824760755977,-1.8443869836006384,-14.403222982052931,-0.8875832453918941,2.0
-10.057020195720531,-4.10126700679309,-3.081003138436267,3.4330517217852843,-0.7986676656765659,0.0
-7.462037918266865,-3.807937361856238,-4.9128982462195925,3.517298775586679,-0.5649008137147955,0.0
-8.843636662734454,-2.195734176617366,-4.658026415006044,4.471549992955289,2.2363455132295,0.0
5.771105241748846,-2.002613135940151,-1.1373490301221798,-4.853876405755404,-1.1037309499189085,2.0
-0.9975284436712216,6.579232622018406,-6.929976583245724,-7.722091536364673,-7.925414649334075,1.0
-0.19383487757601697,9.21676141980838,-6.251049387156233,-8.58007874090308,-6.710215372263831,1.0
6.569091559858602,10.371491171402653,1.333327913856885,-7.146435920797564,-3.863141069154358,2.0
5.930185625499647,0.16856663365867375,-8.874874908943307,-0.3362353110890659,-3.7585660304123523,2.0
-3.7798948390805744,7.074774786765103,-8.035785362685356,-8.697083342033892,-4.4334280849210765,1.0
-8.832538548298317,-2.5523213896017114,-5.417557729096725,2.715128161024331,3.17176276155224,0.0
-9.95589677972077,-2.0183705973939734,-4.574461914337253,3.8983591590275424,0.4327357671215549,0.0
-9.071877738021582,-3.0691806191024473,-4.280370530044808,0.9817204820484329,1.5025473537693337,0.0
-11.449311146422968,-1.7536900956304626,-6.3236232088308135,4.0916548713805065,1.928356260875201,0.0
11.140285966192447,4.237937804173876,-0.12951412330950485,-8.6936473764584,-0.9179911494312214,2.0
-0.9812488661498876,4.8935355995535605,-8.61896516692927,-10.630059900247213,-5.0717967210490755,1.0
-0.8896595177338631,6.864583512114162,-2.554847871599071,-10.557217924927887,-4.9524486147258395,1.0
-0.13485402892735313,4.432803595399193,-7.202204772978878,-5.490273029614235,-8.083661872563265,1.0
-10.65320377398668,-2.9191456233851505,-4.804608637283249,3.935006238554309,1.2123315888790476,0.0
13.58813070711274,-0.3407162406461721,-2.683238545081426,-13.00344807020177,-5.245595731618186,2.0
-10.873167702770433,-2.357035755882739,-7.610356580433322,2.063435274786128,1.8090251697108417,0.0
-1.0064724612467968,6.434719973078431,-8.407140006820875,-12.143638595945005,-1.7780242303995757,1.0
7.617075097894283,4.644936036279455,2.7600187691831026,-10.504462608493466,-6.647012999976473,2.0
7.813473079939589,-9.673022800657035,-1.0946343176758668,1.4939561102263745,-9.141021523058704,2.0
-7.884992186100291,-4.381598995534612,-4.434507638450379,2.935409728514248,-0.39389765239442154,0.0
-9.65722446540404,-3.473050949312484,-4.863890048055833,3.8196698765582724,0.8382370026606707,0.0
-0.23434503895310854,-1.4646933915611813,1.3005849512776153,-3.3240620323740036,0.36267420566017883,2.0
2.260807907074035,6.7812457731623645,-4.681477897483391,-9.407464613058824,-7.171814124068743,1.0
-8.385440007643524,-2.802199805249248,-4.358012531713233,2.9993606350306554,0.4818254503845118,0.0
-0.021977324065992815,8.371165033916693,-2.9563448097940315,-10.680822564939593,-6.601212828617426,1.0
4.677522251532083,2.9922324277619303,-4.720956547141177,-6.417426041374996,-3.7108260315340442,1.0
2.694404676385703,5.070830827320626,1.215442753585609,-4.148515711702801,-5.997610594731966,2.0
10.391595301120699,-1.0971960949817054,-3.1586995181853625,-12.828647651081724,-12.754742425277982,2.0
-9.591772023263742,-3.512545247823758,-5.326181419260776,3.4175927944186566,1.691457409785826,0.0
2.392590190950095,2.2114031170677024,-0.27963444253231906,-6.003814792070151,-11.7120374690312,2.0
-9.574889470389628,-2.5945627438367254,-6.3562458747081365,2.601873300098541,1.2033558346693614,0.0
11.796195382580553,-6.024675946618817,-5.813625510914702,-9.588397337894877,-3.438162584572543,2.0
9.81488063316177,2.855151534834488,-7.499597855085514,-6.721462624382689,-2.6373478786919637,2.0
-2.3751072397991346,8.714689803859368,-5.5649890541823535,-11.663557789258311,-3.440873294714068,1.0
-10.384213356738838,-3.024440482030422,-4.268509057984316,2.744298570405877,0.7649307414873496,0.0
4.327653395906563,-1.9708721303337984,2.9941902882841362,-3.8355157054784903,4.805483444089213,2.0
-10.407403338562089,-2.1909662390474147,-5.458603723918689,2.7776413956602006,-0.16337289183648074,0.0
-9.903670057828474,-6.063581433524082,-3.133486157390284,1.3510975092195372,0.479904809208732,0.0
-11.12593019684374,-3.9938112911121566,-3.591544581609715,4.68955340636427,0.7225599940064109,0.0
0.27845772784908984,3.4229817223730516,6.456091565561633,-6.736030886248,-2.224350327472122,2.0
-8.511796946885445,-3.089316401746057,-3.705469364825105,2.8285844907362083,-1.7141347219286693,0.0
-11.112584317066842,-3.2127714406468257,-5.184943625591112,3.0746059239884658,0.9745762448560237,0.0
15.513469390313055,1.0534389186300406,-7.549910451038009,-10.453215382760398,1.710317274904602,2.0
12.167786990757548,2.2798040485698277,0.47940466934376125,-10.081501843413632,-3.312044199269811,2.0
-9.56360329778749,-2.018844832834037,-4.954323886974983,3.969838372364407,2.1261557232265194,0.0
1.8607528366898562,4.393491536485925,-3.9810515567103426,-7.554692759253258,-6.1442806573771716,1.0
-9.99012428401911,-2.934829541321955,-3.8462714325311653,2.427415380808285,-0.7101106436982527,0.0
-9.61079151507603,-2.604572252721476,-5.070733058882957,3.5062481710684072,0.015859774146839256,0.0
-7.60507846173239,-2.6559054513566003,-3.224354775142049,1.6800522343781656,0.6625848512255432,0.0
2.299635396150819,7.2695452423298,-7.562130622128427,-8.639651270115685,-6.917102294230883,1.0
0.5093731574363037,7.957697943555149,-4.820569104585306,-7.842175201224204,-2.997898187790694,1.0
-0.8621786096946248,5.97035745980507,-2.4669915490093905,-9.958492690570472,-4.88236828437197,1.0
-10.407870204249104,-4.776080071168655,-4.357179512047677,3.16878927629155,1.4709403177751015,0.0
-8.932001756204432,-2.6993608056975256,-4.058289210427505,4.499635046563528,1.2878050073480534,0.0
-10.51684998029338,-3.4198603015495306,-5.3487502426623,3.7304126797835306,1.9665377722892994,0.0
1.2285587929617527,7.722769122850226,5.164705504886423,-11.450855272161547,-4.146330236237449,2.0
9.618389152467639,0.45575144081946883,7.469932587128536,-9.660147737193455,-1.4983594049235178,2.0
0.5945453840898169,-5.530708438447433,-2.8794206040433252,-5.679423352789105,-1.1051289391519044,2.0
13.029303881782365,3.3326911582742573,-6.036938114827739,-8.4518855598724,-6.452209452547587,2.0
8.102278716012382,8.234803013270055,4.037942037941457,-11.009126034039923,-7.925053389929424,2.0
-9.935575057064588,-2.8079246728452327,-6.3314330586739995,2.630409390290763,0.7316332387170406,0.0
-8.769341720382602,-2.808813339221594,-5.709801045755439,2.017154841731246,2.4389385463271926,0.0
-0.6885919391276545,6.79619116745797,-5.211704482065555,-5.694227442625685,-3.187021528682606,1.0
-7.57974386286778,-3.160270743950388,-4.530735549360444,3.6690616775048195,0.5350627986855856,0.0
3.8675877303621227,-0.12308985694843377,-3.3065916890720564,-9.25249286938978,3.9628945779317934,2.0
-0.8916205914123131,8.18254565854997,-3.9326808056046954,-11.823594412333996,-4.7820078771616075,1.0
1.0245696316307877,4.785482204176997,-5.861475988459913,-8.307359643376344,-6.488558624068286,1.0
-0.6955234332619066,6.674706181909278,-6.115221205642483,-7.054885027659038,-5.345670070700159,1.0
6.209892461433001,-2.989643833342532,2.27534989588161,-5.212118329800525,-6.227887678887786,2.0
11.709370730361634,1.159374218663393,-1.3182912536346771,-8.500956435747835,-1.357516613215928,2.0
3.1864433655929463,-1.9400913150024612,1.9409983157250148,-11.841552639870145,-6.184459467246119,2.0
-10.592242296923642,-2.711152829418494,-5.738283817319403,4.146688485528537,2.094082073941963,0.0
6.673639174325431,4.652106254146865,8.35870523225779,-6.893491304068966,1.0030177228155246,2.0
-10.060743115816045,-3.1231773021282434,-4.624972787847493,5.608224760782086,1.7025765851945867,0.0
-0.7471482940443162,7.1343767072702295,-7.065197279258059,-8.012174895133032,-4.633726471301831,1.0
-6.414563643130309,4.693776225006751,-3.1300128697287435,-8.863202663644708,-4.977529493208969,2.0
-10.208635899772466,-1.8369728100659255,-5.159302361784286,2.880374808892895,-0.3240898314030447,0.0
-10.570623027104144,-3.444674044324893,-5.472248133849699,6.010660288063675,1.8972382874988116,0.0
-2.207712816178765,8.404314777230718,-9.112259134514305,-8.811227139698616,-5.755247403160406,1.0
2.359914221016081,5.714971041353367,-5.138340530439034,-9.315941769059007,-7.846478449647338,1.0
-9.555985653040104,-3.6822440912960914,-3.8697007109070403,2.544161900213454,1.2438730391316035,0.0
3.9063883796396732,1.4922071093503078,-0.754959319436,-10.223006155193682,-1.0789785127332232,2.0
2.706437068695004,6.5054470507004245,-3.4019420691756284,-9.4167936529263,-7.521290027335072,1.0
-2.103244757302416,10.49240854041916,-3.8352102649604474,-8.84253290241743,-4.973392632259172,1.0
2.816278533019782,4.069174210757156,-5.984395697308652,-5.291856289018577,-6.70660814450363,1.0
4.747849075875439,1.384974417169194,-5.52736986954744,-3.5441725038831446,-9.446167088088874,2.0
8.248422703583469,-5.509717173281674,3.2297257264252717,-13.643929207410132,-10.851535227973628,2.0
11.103167952458763,-1.873227789131625,0.01923276587517725,-9.502962152041087,9.248929220076334,2.0
0.4652545495300391,-2.154048046445302,0.5332862542336616,-7.9119506441134115,-5.7426916512515875,2.0
0.1136891146265138,7.735891590764895,-7.601134860325278,-9.962377523657414,-5.669431796213908,1.0
17.15734578165211,5.1389625104696695,1.9621899383759211,-13.63685658162192,-2.891392627221154,2.0
-10.433045767204524,-1.9592835677741618,-5.147141950260542,4.015155862401057,-0.26093811279447565,0.0
0.7344330492649598,7.843839823415599,-5.7701654923348995,-8.555337024998456,-7.701109537865257,1.0
13.283961274137308,8.102981427748873,-3.9743403893229114,-3.7263032844712347,-1.1748800722924058,2.0
-8.571257548685582,-3.144380285412563,-5.714260396877768,2.988554447877423,0.8905644339421728,0.0
0.916589649713325,5.763240114542963,-3.145861388125561,-11.47424407553602,-7.11678349932834,1.0
3.184040000442448,2.8275590473751264,7.687147631358665,-10.417964276860133,-4.07995351237406,2.0
-8.530374324812579,-4.494893681319227,-4.309653861413493,1.580871475682463,0.5550546520604609,0.0
4.895854988984619,-1.6198295923989807,-0.4320480753540217,-7.833761170407078,-9.386006595467922,2.0
-1.6219865088058592,6.740594771958281,-8.530574023147736,-7.54251392017341,-3.4011605994540774,1.0
-9.838074850225507,-3.4857907546591553,-5.1105833049420735,4.319716089020582,0.1571707809250057,0.0
1.0819182729297934,-3.571430401437407,-1.6260584693940985,-7.306282393664873,-2.8441016874092218,2.0
-7.702810741374221,-2.845746627435151,-5.276649611462455,4.07515566177135,-0.023795242554321527,0.0
10.974446578704875,2.468922596795255,-7.517657269522331,-9.302555919625771,-4.941236911890318,2.0
13.127576965147568,-0.08038738263241041,-3.0138877792751484,-0.21250353015576984,-8.930120007698331,2.0
9.10804165415584,3.6072165210785174,2.783385347751579,-7.365882683358666,-8.05102788355235,2.0
0.967705276147186,10.188978236230593,-6.402796878198186,-8.756254345089726,-5.1339954606925815,1.0
0.2947209595357122,6.119354455456077,-8.264114534079216,-12.882080122024574,-4.363629524434778,1.0
-0.29400486481502774,-4.357585661559984,3.469628749904189,-3.611861390660103,-6.888349734111497,2.0
-10.304758729296047,-3.1831648195814535,-4.520311234034314,4.199455726566707,-0.33892831900627796,0.0
-0.8240005580432035,0.7543438388065349,-3.2738432762926224,-3.930088006410153,-4.226822402556684,2.0
11.282802191671317,0.9421330736977722,0.6354747139689271,-10.53079456167393,-1.6530990076477152,2.0
7.190005312141732,2.062377390353298,12.241135060682092,-11.03193694161915,-5.238756521601474,2.0
0.852821959534664,4.273691757126702,-8.596346101535635,-9.979380733873066,-2.701874400691597,1.0
-8.991198768289747,-3.524712369124409,-4.211672191777957,3.5400301026163237,-0.5968947006285623,0.0
8.733526568254035,5.175650634911125,-3.995378680871424,-11.585797166635606,-12.231049508206207,2.0
-0.2626332134293752,7.932620806335562,-2.7409017319207973,-11.556562083244248,-6.3282769778739265,1.0
-10.512076104097192,-3.478071293595349,-5.748406760321072,4.095287060785346,1.6808944377098038,0.0
5.4737453884745895,-6.322254207523154,0.23278699093352662,-7.037612797021384,3.362038927049765,2.0
-10.391188441920757,-3.107969909273187,-4.830620564200505,3.1112529294596634,1.7500265077250743,0.0
-10.04851606691411,-2.3192967923893413,-4.783752842452528,3.9442279642829163,2.3065200529956207,0.0
5.528761329081094,-6.379456154068741,4.309531102784965,-5.475780885235093,2.813275621337037,2.0
-1.2229243589809655,6.063890057076682,-5.855500008388861,-8.111025791966792,-2.0612724746456053,1.0
-8.29862249934181,-4.849072359472523,-5.448428028940777,2.4511591382998543,0.21602443897119927,0.0
5.423739935361825,3.66998773488765,0.4500741438152199,-4.997315208149702,-0.612341933796881,2.0
-8.792257974150003,-4.462077745544354,-4.787154522623193,3.11529127801694,0.8603716989744101,0.0
8.387684277639964,-1.0672149059840992,2.0264147345932475,-8.084728379467364,-9.339745789136618,2.0
-1.0582526312881844,7.31403126550701,-5.220100474160153,-11.303818898213523,-4.778294089024046,1.0
-10.642149616756669,-4.528089112536045,-4.159423947425877,2.6856956541577706,0.47382555711423974,0.0
-0.014014023384058341,8.733536747152538,-6.156028450091144,-9.920763624615462,-4.299895139178007,1.0
-1.4504506270793955,6.9387150444688555,-4.609256405403623,-7.642995914188779,-2.657948140836711,1.0
3.2358809501894683,3.645918977495463,-5.882836680744764,-8.78567050625096,-5.003728118885771,1.0
-2.02603606032583,10.028940868977884,-3.360246908287446,-4.560318922025538,-3.7248975881993616,1.0
1.8558284409328376,7.576609732235275,-4.641073209079039,-10.32126383051245,-5.12679648969436,1.0
-5.731144410745326,-2.5669891272797334,0.07447224957127657,-4.765746779478076,0.3931015168152414,2.0
9.789852010846847,1.020602289702377,-2.057598485455267,-3.2057530099772515,-1.8115381265596358,2.0
-8.688042621887728,-4.104923107827524,-4.4808977551294245,4.455690995675798,1.2777234301521228,0.0
-10.665699330358375,-3.296939978714036,-6.644350927054579,3.0096467341056274,0.6867260249233725,0.0
-9.21125072768971,-2.821579296989197,-6.16298364115281,3.903961393931544,1.6363796058395388,0.0
-1.029971012348975,5.199091882882843,-4.998308147584143,-13.135357881389869,-3.4814409921391096,1.0
-1.502552587190823,9.439882951023824,-2.1545617161891255,-10.424789990409371,-4.687890278597674,1.0
-8.772451572729185,-2.823621823194587,-6.043679558376137,4.642984223914905,-0.06951453594977175,0.0
-2.832242705397813,6.98961542754017,-3.9773719451954395,-14.454820970265304,-4.815072823571649,1.0
-2.035466018929206,6.097164738175078,-3.8641819571622102,-6.122335748743,-1.9569948803439465,1.0
0.02978644937972269,5.324023236887127,-0.9721353880902228,-5.99613738527554,-8.844026026441727,1.0
-8.586713227431522,-3.8563808804217357,-5.324684769717262,4.03223047182704,0.643129345175421,0.0
5.222546011891376,2.7654275707447997,-0.351883043312031,-10.82117259937054,-1.2207839059342822,2.0
-9.055504972346952,-3.7200019507848405,-6.1545356136292195,2.746529099654803,1.034408897347015,0.0
1.9923033392774068,6.557161242379488,-4.4168935780476115,-6.784890227805425,-6.358018225161698,1.0
7.193304401377796,0.27462560628809396,-3.1294116540377748,-4.950080363007276,-6.808339948613144,2.0
7.788702167076818,-2.181817599959982,-0.55198990709025,-6.317518934146328,-3.9095815776054277,2.0
2.826676385428103,8.45626485087001,-5.582881887034326,-8.190888844915621,-7.639913626612201,1.0
-8.403933218644884,-4.360613089458232,-5.589311848007804,2.1318694304832877,1.1797842639209712,0.0
-10.695085657305746,-1.5672348577641113,-6.3840699151797375,4.698740905559467,1.8623691186811362,0.0
-10.968151646516633,-3.646373116724452,-5.261145771812321,1.7991513329576903,1.1249692385945986,0.0
8.906913759785555,2.5994747343359155,0.13841964011193725,-15.182219684416307,-2.0432636577253547,2.0
-10.140954498132498,-2.070504945985558,-5.060329124818397,4.3552773621337515,-0.7875294661928864,0.0
-8.512093555733234,-3.190780140046994,-4.8059349802474545,2.103033115946616,0.21281491084695625,0.0
-2.126069684571239,6.510973286281723,-7.074590738555673,-10.391903878169487,-4.572864898682723,1.0
-0.4010477618267379,4.6913586460470285,-3.2968629996556627,-13.179672264552572,-2.4801002373230356,1.0
1.347555472463949,9.471376194191954,-2.9803924025576727,-12.631212411280401,-3.0449697689712942,1.0
12.066228427722788,-4.3518103569713915,-0.5245425977134849,-2.5662641346705923,0.0066663954495251865,2.0
-9.599504044366798,-3.288458050151631,-5.5495027560020365,1.5936776610367487,1.3237212227266633,0.0
2.849855934831154,7.33413077321668,-9.052086745858503,-11.841104491185794,-6.669431921716611,1.0
-10.997769177336053,-3.8870948611128107,-6.0489787239454,1.6506373344202123,-0.3118613651460833,0.0
-2.364676899480044,5.9964169069645665,-4.481763193761923,-9.176833618718977,-4.5924706589256115,1.0
-7.800169006322598,-3.906383338074508,-5.970946405003824,2.906981426826599,0.3985533940813397,0.0
-0.5375624749885177,5.92031871488552,-6.45353261479873,-10.239594121364638,-5.157986390041578,1.0
0.5080126550475014,9.337176077185584,-2.90604495165931,-8.79697920184711,-5.379626153960865,1.0
-5.782666287637691,4.4939054037932635,-8.287807644326962,-9.87084229653512,-7.22991268054928,1.0
-10.086920887494287,-3.393024983605476,-4.1876479551299495,3.012369405505249,3.633166925169338,0.0
-11.289683983164952,-2.1898455116959283,-4.908992245880774,3.953674638790935,-0.5500700378075565,0.0
-7.9495262242340665,-3.1956345396126067,-5.2098123539996015,3.4840236952703103,1.1700464421427152,0.0
6.387425657966311,-5.889546430179444,0.4586901968987056,-13.766029550697475,-5.117098963483887,2.0
-5.263144252470329,5.74671691417429,-7.0607115091227195,-9.142496486890716,-7.131741690839821,1.0
-1.462164501862661,9.31440698790948,-10.643266305775665,-8.232653820689293,-6.387163226845551,1.0
5.584324938289292,-1.1201955276736268,1.168292859894399,-11.787454645755925,-4.849037470076094,2.0
-11.250793331526745,-5.414929942518099,-5.769168909162768,1.2716331587512366,1.1485709584161634,0.0
8.690031511400681,-4.071287371632751,-2.292838416561478,-2.3084685969035625,-3.0986948079542107,2.0
-1.379086474345255,7.07211302807321,-3.3100431993523762,-8.428174862415931,-2.8714053018345735,1.0
11.633718158644449,6.601005516150073,-0.2597541140980626,-4.115207667775717,-10.617717143144485,2.0
2.3327573457806547,7.3194004093907665,-2.8142625465007565,-8.380765711307255,-6.553066225829978,1.0
0.2778141040797245,7.720439995066217,-6.385115563374407,-6.486955985882439,-3.3551299675860884,1.0
-9.813558222368332,-2.0574026538543695,-5.2229457986590875,3.803727955513063,1.3569501226772078,0.0
-10.347443466674807,-5.058901149528591,-5.643803449690817,2.4447504838585683,-0.17181024388310306,0.0
6.9853604376798675,10.16118716756784,1.0480793771770434,-8.885748515460463,0.14217634175116833,2.0
-1.1814026936175468,6.185634712541446,-6.467971017225974,-11.929183265231185,-1.9619115110458938,1.0
-8.088650137869028,-2.4447869740292765,-5.44712765263497,4.1179583409303575,0.2566003107492182,0.0
2.1272041512543423,12.06973445695368,-4.688678973746597,-5.314931178817651,-1.7733920314481337,2.0
-8.929915347093234,-3.41771181795494,-6.261671869582836,4.1698086757018595,0.4031757304593565,0.0
-9.200005483843253,-3.489861109702812,-5.80059638425953,1.62503215307111,2.0873079502534617,0.0
6.4252006293048884,-0.9056184520387545,8.500600449746141,-1.6946857744503987,-5.387503049390247,2.0
-8.454091141356098,-2.0321870307164507,-3.9800088793885684,5.411065216450905,1.1831154203712182,0.0
-8.886121586260181,-2.792420432606864,-5.19852049245879,1.405571424065799,0.47559900977125386,0.0
-4.445325383279577,7.683806852967752,-6.18009603919894,-8.202160570872149,-3.389371376777653,1.0
-2.908596297919078,5.087061793487185,-4.232163817286074,-8.371370535034663,-5.145089504977342,1.0
4.77783660901103,5.739309250836064,-7.391243217016798,-7.808323761622261,-4.402856946117712,1.0
0.28136965317580015,8.873499829137009,-6.641704311997254,-11.464994931681945,-5.3401266813274875,1.0
0.756958867080681,5.664262016267699,-7.6891936854949225,-8.202009359686034,-6.99145968065531,1.0
-1.5256561983649224,7.065867834813875,-5.966473413952912,-7.616287563674793,-5.518424377830012,1.0
-1.8721245623095446,6.375581248675374,-3.7152740731260776,-8.307448968692652,-6.964117595332046,1.0
1.6103457586629153,3.510539299800207,-3.582313801040611,-7.4152362353927,3.5968431246716266,2.0
4.427166764320428,-8.319540806415867,2.532949517750097,-7.615907185466471,-0.5653169806789893,2.0
5.2714341487541105,9.19862700668637,-3.2989390043361797,-13.959104769049517,-4.713537191145836,2.0
-10.346614626968385,-3.1041577455752956,-6.161740534699591,1.9568392181699066,0.68018853872664,0.0
0.17781409199225168,11.131330215350882,-6.311955479975019,-7.98113399828291,-5.218571803265251,1.0
-9.963764291762246,-3.806517105691793,-6.5783068455355656,2.448760845069234,1.0471311111403339,0.0
0.6049079200311313,7.646694701490575,-8.747839828362885,-7.571859280554933,-4.740215969488627,1.0
-9.56477058083651,-3.4438623630378564,-5.498854368094233,3.6754855540887377,-0.5815167845329381,0.0
1.1805562401252425,5.115930663690241,-1.9738987256031826,-2.5013088121869025,-3.969015702640389,2.0
1.0542721169117626,5.690346909489653,-3.9435474277873235,-8.50107725693778,-5.808512223249263,1.0
-10.989717396927704,-2.9404348853737234,-4.2537167460366,4.686100186443273,0.7368884182405216,0.0
-10.271495679516576,-2.325239689587921,-4.927339250251554,3.752864279836142,1.4598476553076587,0.0
-9.721244479026087,-4.051324632391989,-4.9383139357874954,2.0528917208137507,2.413513622715761,0.0
8.326418696427346,0.7817922565727407,2.3440717190776024,-2.4405283873379187,-7.846097069288619,2.0
-2.37431671160732,5.67627107793782,-1.445155842513917,-8.012121224373791,-6.119536110782861,1.0
1.8031943813579179,9.44861060590879,-5.583139392117264,-9.83807228054464,-3.4551767832672797,1.0
-1.4328565931368178,7.318242034825612,-3.600430917912746,-9.405836824831923,-5.046133968080312,1.0
-1.3953220352929956,9.113379615075477,-5.667251790770822,-6.21646374037679,-3.182094608792426,1.0
-2.7028917821813265,5.704633011140174,-5.005582312769999,-6.696347396633955,-2.505474215484018,1.0
11.829365315744745,-2.549832947370837,5.052673909213128,-8.382777469745731,-7.11256791290141,2.0
-1.155330548259668,11.84420381705893,-1.8329071835062565,-12.429272539896331,-4.104340635532008,1.0
-0.27348398338091573,6.512185367106429,-6.155085431473871,-11.308930766562158,-5.747512582743669,1.0
-3.5701049552530266,7.775112561180192,-4.810796415700908,-8.903989209945376,-5.981977676083799,1.0
3.427798567497027,5.675793260078951,-6.70926747264138,-11.34867597067534,-3.743474705513736,1.0
-2.6668693089099986,5.976242067264641,-5.7412434956051355,-9.551024318173283,-5.868042795701483,1.0
3.147225547100637,-0.1417779914654833,11.565432630514746,-2.169294285953665,-3.2614964382584133,2.0
-7.197818911292739,-3.2922839980575502,-5.286565984203781,2.5796297357266496,0.5472934252754393,0.0
-1.0075823979161211,9.138579670679581,-4.147503859764039,-9.87315316422512,-6.803179671098112,1.0
0.5787597101111494,8.195218629724682,-3.8642690603315177,-8.698322225508859,-4.5186305042798525,1.0
-10.383913049923244,-2.11850000353391,-5.21898089699627,3.775785114145752,0.681052526295563,0.0
8.235541777875937,3.287055674023397,3.356020787865378,-7.496650777034699,-3.5255617481606634,2.0
11.259743843185957,0.08453036355688592,-0.05650370955648404,-7.763447133240047,1.0897137341684875,2.0
-10.130993723579582,-3.7647214214482254,-5.280443778778769,4.3583315972597845,0.7580816703984251,0.0
0.8705233570938362,8.223125554255102,-5.110207832733416,-9.246032069475833,-7.107491570084035,1.0
-1.906637432759262,4.8648587534472245,-4.840656057914684,-9.582749841977053,-2.9908750430742304,1.0
8.898917241642165,-1.3863905252735704,2.890378868047506,-5.731541611003506,-1.9563995853790945,2.0
6.359171241572782,0.496559301003768,2.9097385716615594,-9.162798890802286,-4.074463272225534,2.0
9.735124647291876,-2.8992704180828666,6.379930412109587,-5.630959061440285,-3.810850827444979,2.0
0.7106726959192026,9.46560303319136,-6.769148984420464,-9.996397991881194,-2.4810837213072348,1.0
1.1142233049690435,8.30446414075077,-7.363694976006196,-10.26085640764774,-3.6668310166401974,1.0
-0.10209111560345348,5.389172764386432,-6.536330885584776,-8.461146186982523,-3.5867419950078974,1.0
2.525460531629888,7.041717687011195,-7.748129991867565,-7.407214409205429,-2.318681836265612,1.0
-10.156629385348626,-1.5269182394312466,-5.948845482797331,4.592715715205771,1.3782013739626917,0.0
2.0157486680935115,5.107636024507714,11.542577200099487,-4.338278407612205,0.9860707627260314,2.0
6.3486857417244655,-1.3830907878016583,4.289134638300842,2.565650558403817,1.6653185715055585,2.0
-8.037834157064003,-4.438798506280921,-7.320223119688173,4.741444597081937,-0.5488880562154497,0.0
0.07156170737123799,7.560808429482253,-4.86306436545017,-7.23119156756468,-3.6206194731842114,1.0
4.233078687639729,8.792062070674378,3.574855658073024,-4.880377676707903,-8.159842087074406,2.0
-0.6474875827910278,7.906710729538191,-4.890398858032486,-8.084346493603572,-4.854812698051617,1.0
-10.267883976851538,-3.3997735186962346,-3.735672356364029,2.8299278019966487,0.46535187137555656,0.0
3.9517062686948665,-1.4538944472238633,-4.233014563745498,-3.3617010316914433,-2.575542880975668,2.0
9.276024689081693,6.369062866124168,-5.864810941666193,-9.10470087425742,-0.9340086882376517,2.0
-9.222232639454857,-2.6389604100303217,-7.163642583935607,3.5043200151751326,0.4763319092268372,0.0
-8.736966663424946,-1.1109238239745993,-5.192799983465327,4.9227715166390436,0.45486572029332384,0.0
2.608430909654048,8.776543153545404,-5.316414595780685,-7.3522622381793425,-2.6641759039535766,1.0
-1.3523362489298323,6.790992772305438,-5.778302054390495,-7.985331397970243,-7.075651528618929,1.0
-9.102748291612896,-2.97234721825901,-3.3730854578818237,4.476880814598347,1.3872395622584022,0.0
-11.023436529353535,-4.236615649032275,-5.070987993165977,3.986200818914672,0.13695689677485556,0.0
4.033575091722293,-3.4304422667466836,-0.8649697628670381,-8.052223474530244,-1.665764383358861,2.0
3.266465721560836,4.31521361901936,-7.779704581390728,-11.436895607578814,-6.691893495724479,1.0
-8.240332543173007,-4.608542175625937,-4.586729038128578,3.843872920686196,1.6666488422484456,0.0
10.526035801079423,3.135714462225745,-1.7227221415147675,-10.710167692801106,-3.9743789057547563,2.0
-8.083958003294297,-0.7028802251882498,-5.12687110257144,2.9625395006247865,1.6151380409918894,0.0
9.61067642417072,-6.788320860965047,-0.25223818913971885,-7.797692107578955,-2.8466285642050475,2.0
-9.07445503923491,-3.555150297272887,-5.913971979128913,4.940427108865058,0.9506105417905766,0.0
-11.005130608547987,-3.620030590062718,-4.13697642961974,4.986665288490212,-0.14386957751772078,0.0
-1.6417101081897543,8.477861107974766,-6.943053323506819,-10.92533903712411,-2.3437283029777616,1.0
-0.5939581802289398,1.7429314483427367,-5.60852258883908,-8.23937659855621,-7.879735511215143,1.0
-8.600195052133234,-3.107830031629655,-3.3413033367529392,3.6914198102674374,2.5054809645380716,0.0
-8.007646601681925,-1.8529202743348419,-4.406496642195147,3.206205310842962,2.085766015289978,0.0
-8.364438310903186,-4.222164134934559,-5.205254425344254,3.1092825938948345,0.18024107199170247,0.0
-8.501816415543084,-3.8968147908276993,-3.468994803938495,3.200245789159616,1.958517561193228,0.0
-10.305764877754823,-2.8426965257760353,-5.056764709717014,2.1820254009617184,0.7124631449998345,0.0
-10.588475348668263,-3.124709913541067,-6.545172946808644,2.282002501091477,2.1188993245565166,0.0
-1.7125135771575999,5.450024658311015,-3.987247212260179,-9.388568925197863,-2.4280063297374506,1.0
-2.6923177607339515,5.19869865280859,-1.8570351454270049,-9.011593526291707,-6.854084346345813,1.0
0.4546651754832137,5.827142995059798,-4.91947429963974,-10.535172372108766,-8.670134534897699,1.0
2.297252084397944,0.26313848875812385,-1.6466722227525485,-10.284538099743473,-5.106248841409826,2.0
1.3607516283785985,7.16338444170824,-5.790245662943358,-9.989328579670016,-5.703277950176648,1.0
-10.242982669521266,-1.9016481838999826,-4.931450853702004,2.8191948401272375,0.9185186062157639,0.0
-11.103704398275381,-3.308394976881965,-6.335361425655624,2.6906820836188965,0.031427524763231185,0.0
-9.043125094994643,-2.632460310036664,-5.208271352909621,2.6566768088089248,0.7465932236463402,0.0
2.072977074884427,8.498351985399665,-6.5852116266342,-10.839131923351442,-3.439888919983874,1.0
-1.8023802889441827,9.885665163416116,-8.304248213064994,-13.132960179992288,-6.160256448656427,1.0
-8.425366780298338,-2.691076833069422,-5.205650254714832,3.4945798940111685,-0.18955547157240926,0.0
-10.567926913910982,-4.784121557521114,-4.752634662173053,4.641735619426389,1.3487039819927686,0.0
-10.845318879066966,-2.217499987791692,-2.735588055582869,3.93450705131999,1.060715953466033,0.0
-11.821258694540294,-1.7531096973638842,-4.033440639468359,1.5358610364305405,1.1656939671258144,0.0
-2.3188542174868187,6.77162335488142,-7.765973922266811,-9.127217141696258,-6.844486631713737,1.0
-0.561418542045501,5.817491738841538,-5.033717606682473,-5.324206353860772,-2.7792390907210485,1.0
8.710634247156403,2.849652832445134,2.609147586216903,-19.226204032887836,-8.18175944891997,2.0
2.9906907717251894,10.352742606686814,-8.188643586944876,-11.53345968004591,-3.8267181293466113,1.0
7.705207595147366,-0.6321279432513975,0.789090120530284,-5.9713019658551785,-1.5768270491540788,2.0
-8.090896004127345,-3.014045582825881,-2.7925439139680654,2.685919520716489,-0.3567972706324303,0.0
-1.8713268178559956,8.49727492484767,-4.324635240523026,-5.973356246598264,-4.755656743720928,1.0
6.125378376765942,-0.19529588859303493,5.040278219382221,-6.668551741295335,-6.15307300796877,2.0
12.75220952067209,-2.1160922326842826,7.231231266081812,-7.099050836707918,2.407791208078505,2.0
12.259471138805242,7.940031719989318,-5.813058950405318,-15.085411546596426,-1.6813029717147723,2.0
-9.979192019488899,-2.989994573404991,-6.286433725342569,2.6977063364277694,1.3844415615458041,0.0
-10.006429493551117,-3.8154827267682476,-4.185713869542251,4.683893151020153,0.09933172222125564,0.0
-0.7413988492099499,4.496107197832588,-3.3315299188817002,-9.675668232954994,-6.2603528826239625,1.0
4.796109736132989,-0.2004906076042141,1.7832344040849206,-14.738769878505927,-7.546543335105068,2.0
-1.955294777721795,6.837841867033564,-5.179014913482271,-10.213156817107699,-4.270981336308656,1.0
-2.4671732639851283,9.57505288927267,-3.8345612530650586,-10.449980749525361,-7.123752842626686,1.0
-11.141670847480775,-3.4643156266198254,-5.27978649458937,1.4421397890977332,0.4573525482664368,0.0
6.470436922576653,1.1392460274811296,-6.734213587775074,-9.128834374930683,-7.772403611364118,2.0
-10.866063731008868,-2.618074233195617,-6.383550316070856,2.2306473069867314,0.14895550158098048,0.0
-9.73199078422539,-5.054218370839215,-4.220502065878135,1.7759564772589234,-0.11429056199274013,0.0
7.395364409436603,3.595052522779615,-2.023687913714548,-14.92971297324607,-0.7243707697878943,2.0
4.3340741902985425,9.607797943234953,-4.78136752476999,-8.846772380465461,-7.060092994463424,1.0
-2.6064040272025104,6.53561875979018,-5.359592736743993,-14.159166947139969,-7.303531545811046,1.0
7.17172889528529,3.7468130656732814,-1.4318418938130577,-3.138844775780001,-0.15158036945251352,2.0
2.881562872794237,4.290335158038658,-2.761042828368366,-9.304106435607187,-5.6156517023860495,1.0
-9.947600860681646,-3.1991253610080888,-6.4624213301699935,1.7679211812485012,0.4998849390578898,0.0
4.3529968821813325,1.465597953143114,-2.839795760515047,-9.381180653868107,-6.529834550454966,2.0
8.416868876063958,7.3769786262796595,-2.1234073865978997,-9.66669057582519,-6.217245222467987,2.0
5.445211291746143,-3.8063076615024753,3.0033525605315443,-12.403795368052704,-1.3250535025581591,2.0
10.65686551696511,4.454883166091979,0.96419545375124,-9.538997863949248,-0.36846197988336593,2.0
-11.238176897904633,-3.153828648697345,-5.453534464870044,3.222591203333914,1.2220595442007103,0.0
6.104910069940279,3.962417188419833,0.9566053013615377,-15.229337829145454,3.136980046249491,2.0
6.941992207390319,1.9543141552357368,3.80750405947341,-13.29660766600566,-2.95873244175961,2.0
11.641062319210068,4.348481740082459,-6.700240047909651,-7.9985086968736905,-7.937730116136936,2.0
0.9920139813132651,4.775610056520541,-6.463917064741477,-11.144219337637852,-5.405082095933951,1.0
-9.787892679756496,-4.652915147490228,-5.641109725509536,4.82331358101578,-0.3712328238618572,0.0
-9.341706352595464,-2.897274286646054,-4.568346749343176,3.95657310860755,2.05238159921966,0.0
1.7669452526064506,5.469666002927039,-6.112125215878465,-7.856369396012922,-6.962274164153811,1.0
5.7635798566570475,2.2053697302433606,-4.134983275243817,-14.577294991909223,1.6358429108468782,2.0
-9.850483077952202,-4.372925174062372,-4.934160310275809,2.8759361957107408,0.6953445287654088,0.0
1.3514054596716107,9.086116468140045,-6.279423673410498,-9.294647119596313,0.5384791223960743,2.0
5.626831741574563,4.159021451176351,-4.150284095217719,-2.347669856980515,-5.371925441798279,2.0
-9.917735453619029,-3.5048579543886715,-5.123299665443045,3.709002783278026,0.23173750563790818,0.0
12.880360561862771,4.191551778174123,-7.864644866242733,-11.504591881798945,-0.5305356001029358,2.0
5.956178232116189,3.635835590454679,-2.40586651066285,-5.287530451341265,-5.0996041390561535,2.0
-0.9778606337976103,11.903626171644135,-3.854693459140342,-11.279129141812323,-4.471352719394987,1.0
-9.984897335812308,-2.777983068694427,-4.769855284581907,3.5460184114580575,0.8764650455406229,0.0
3.4168423623691457,1.1074901119522185,0.17250330613793186,-14.11510949809417,-6.848784418909383,2.0
9.837383417963576,1.6252410979849337,-0.23700918753476274,-0.44974088187878625,-7.848348848379525,2.0
9.09408882237049,4.99153153501298,2.5752852722104977,-6.926966825820081,1.3822889997318653,2.0
-9.002507532134763,-2.2437720512332233,-4.607984882963399,2.04997785917659,-0.5282184728804622,0.0
-9.99424868566735,-2.684395536531369,-5.793499588554047,2.5044675049784244,1.1376165264415186,0.0
-7.987376080408211,-2.407845206478997,-2.605896946183193,4.007033871489153,0.9998508504644101,0.0
2.933518119493656,-0.2524976115056492,1.028117834239605,-4.916712467750422,0.020034333154137496,2.0
-10.338070406503277,-2.3877626686394304,-5.41939993972012,2.3518868802133848,0.7375207125280567,0.0
-10.335736704661107,-2.9723243616052177,-4.902813073552801,3.462433600353435,0.6934801513514588,0.0
-9.777226119769658,-3.1767529555798286,-2.784929312669876,3.276646563848034,0.9989837102570208,0.0
10.391592141847706,5.338302417258852,0.5797627717306914,-11.167921500564454,-3.1139659528616828,2.0
-8.34517084874379,-5.79289268964602,-3.556000572714626,2.7945409665078875,1.4886659056824136,0.0
1.026817927061417,9.334788564080403,-5.929144104835304,-10.181701110007415,-0.9543348104306402,1.0
4.911384407047322,0.18506525353131553,4.72711037007846,-9.233844277076132,-6.536538396839845,2.0
-7.874826855149909,-3.3942095106738774,-6.11288521833403,4.763475560041202,1.953236206623638,0.0
2.3687335443333324,7.675437279663271,-1.6682811211354003,-8.379632143997352,-4.480854218495859,1.0
1.42565318690927,-0.0915159230415592,0.4719099369715405,-11.26328538116634,-5.053818202975742,2.0
4.757703141897673,0.48728240786716204,-0.34909278081396267,-3.637975828290716,-8.554703295265417,2.0
4.072929315722142,0.7491804038748584,1.583059534602026,-6.770209096665063,-5.626881421522052,2.0
2.9199893199753637,5.61953185583484,-5.5673628642973085,-12.498851268315356,-7.198423224646723,1.0
3.763369543195059,2.419516241313133,-6.0712730187601665,-9.258960462737205,-2.7040820769419542,1.0
6.819435111292769,-1.1557599751281287,3.6861059450412754,-12.202943060895809,1.5147141009485807,2.0
-1.6720777182670912,10.100840276398767,-7.657967364991887,-10.119481665993062,-4.508933950029436,1.0
9.05250996091446,1.857062178030695,1.0185430376418787,-5.177015544920335,-0.4489972652519332,2.0
-9.359622781305898,-1.8730383785780855,-6.025350149777674,1.8579574928653864,1.3588566322478157,0.0
3.3366368043814,4.4204148803507515,-2.3039034841950916,-5.360110585575271,-4.1822543266438545,2.0
1.1155012267599211,6.753289933319497,-6.876127890436338,-9.363864948591253,-9.542096004401623,1.0
-9.207624684466163,-4.1993497180510095,-4.907160321248506,2.3281910872887983,0.7969273560803108,0.0
3.490685997327843,3.937637015881057,-1.0203334345567043,-2.994863557047845,-6.588810153760164,2.0
-9.817065471535418,-3.623592135819028,-5.980032084868981,3.428762146487196,-1.1330569620498596,0.0
0.6889422203132286,8.026112507140088,-5.818404129297237,-7.572625825561306,-3.4389216427761493,1.0
9.623037798822764,1.024589168740601,-5.070662962516779,-2.866598873603909,-6.910070283626357,2.0
0.17174517401605527,7.57952663162876,-4.476265370995261,-12.037624923784001,-2.898721682424133,1.0
-8.663359328194122,-3.8384761613688605,-5.084128431929842,3.700186078950416,-0.04918948861914463,0.0
2.555095285418571,10.195322483192887,-6.686253640261045,-9.409422786983402,-3.8717570180531755,1.0
-11.16358674619337,-3.702283868110583,-3.9742066562451326,3.0831947601255156,1.6631660133570252,0.0
7.320891518974916,6.812174582818894,-1.6804245382904095,-8.237970993736786,-6.315319878099356,2.0
-9.403695437598184,-2.4251702533599557,-4.836524784983838,3.227032223332491,3.255630873731767,0.0
-2.3218523019235047,10.918896602641215,-6.860475400035519,-9.848187411938499,-5.197479874756106,1.0
7.218223323730793,3.750769468417281,6.453725270890543,-5.746675346950936,3.0679830560728023,2.0
1.549052596337298,7.156127012008931,-5.3962174291411085,-11.040572606298133,-7.116672585022789,1.0
-2.656658986816728,5.531922385194548,-7.003046130898325,-8.654910226311575,-6.033004500837851,1.0
8.801726426311834,0.9211989067559831,4.013688862954144,-7.181752246012011,-2.444599395959878,2.0
11.067429742479057,4.936991598523994,5.747403192344518,-1.4036582456848423,-5.0761864143060835,2.0
1.647616523218275,8.28515358800502,-5.17601993675883,-10.359925549845553,-3.5944236955979596,1.0
-0.9424185710910091,0.0909599527928695,1.3705608080521026,-9.23168033414328,2.31898865871296,2.0
-2.0852331474974917,7.467447365447002,-3.7609665192185657,-8.246757336619243,-4.683478211255133,1.0
-1.7162282429941818,5.11479734002466,-4.89256163337084,-10.376168868526893,-6.464856344463404,1.0
-9.790967355278465,-4.256261081662155,-4.984176643027249,2.41569873352507,1.4069460618920595,0.0
5.324571597736688,3.0718396463858166,-0.12878021904717674,1.3415534470863086,-8.068438749321379,2.0
-1.7798752785629388,6.32636725542085,-7.727332450533149,-7.612066793778621,-5.595824981196712,1.0
13.114319674790966,3.781100147946303,2.3109462833803787,-10.508609267021919,-0.16866211568401113,2.0
-0.6680544013391689,8.674367993735906,-5.744605751995706,-8.684786185025079,-4.547129766290693,1.0
-8.945588996337314,-2.284120380170725,-4.378896661590473,3.9468260092049228,2.651942815647695,0.0
4.346742065271395,4.681132509140699,-5.727324304832557,-8.777557271356125,-5.666186026446338,1.0
-1.8245168456429064,8.227304925657133,-6.547458031271138,-6.023079153497708,-6.1224661836207215,1.0
2.260228671733754,5.204806782318025,-2.3955049005349225,-12.16281847336461,-1.8548180378332413,1.0
5.202986051870841,-2.271999885617786,1.6175015437979205,-5.351694234043784,-10.25689330362005,2.0
-9.660477978664508,-3.35427354602118,-4.491665590592356,2.8208353985124655,1.3965468319529415,0.0
-9.618042455133926,-2.676697490306116,-4.328703866593997,3.7625850555176714,1.777877900756147,0.0
-7.606347563501883,-2.065054250573466,2.3705209209136173,-12.57553400144102,-4.9238796822963495,2.0
4.663372223335589,1.3518579663386938,-8.072397594008166,-16.158331760856637,0.04156551616165549,2.0
-1.4242322946629606,7.655556861591065,-4.833907854949048,-8.538317433441453,-6.073695849067727,1.0
-8.915015995879765,-1.333404242764223,-3.850661080861401,2.2934295631921304,0.01709545553066183,0.0
-1.5351618279753796,9.996122320254528,-5.117055589421526,-7.941890525639846,-3.0109110205890337,1.0
3.190288716322716,7.064458607557477,-0.24287722980331095,-7.43903116340768,-2.4806967667202966,2.0
-9.258289767686682,-1.9237527579334244,-4.903547358052375,1.4724616081064779,0.9695750587690796,0.0
-0.619077869542701,7.284788290995137,-1.7875260772275072,-10.823989025566469,-4.7021847604065306,1.0
6.166886354813209,1.2564277781330417,-2.3036082396359143,-8.474262443083466,-0.2372605149035647,2.0
-9.656381201330651,-4.635451330762057,-6.585765578925786,2.6689773922398814,0.37034888948207445,0.0
0.44735485354380267,2.8419703170951927,-3.0898607326264957,-10.020581982724964,-2.970447157440434,1.0
-2.547112358979015,7.623495007133223,-6.086328442899654,-11.197956034984541,-3.4519821777443944,1.0
14.324255626662383,1.3814489258448386,-1.0619129510749057,-12.690551378170264,-2.6376607669637187,2.0
7.004832473097531,-0.30099335588263343,3.4915566830708986,-5.783661087864296,-9.639707808582738,2.0
6.371842526529484,2.899367720009833,3.688109711112718,-4.249540509571639,-6.810069770588726,2.0
3.557575433795078,9.483123056907695,-3.234019275747742,-8.052406276730828,-3.2009038732054633,1.0
0.3519502282429847,6.903517363801633,-4.160894884651989,-6.155351788688018,-7.570346893143359,1.0
13.646598409798042,-2.039169693052199,-2.3261453619952612,-5.629604747849124,-10.165118934135851,2.0
-3.838344908176316,6.444238605730909,-7.123859763175288,-9.766838382426876,-4.805568425215728,1.0
-11.212418145924657,-2.4533251013087054,-6.149572583164259,4.542205252323549,0.3387923040367614,0.0
-10.051575568642003,-5.0236420317867765,-4.42208325314866,3.2420010768606957,0.12049765458456707,0.0
-10.290107608743966,-4.956262352023154,-4.463816551152432,2.743531362445628,0.1550752476709587,0.0
-8.51527766567817,-3.2422225738585393,-5.98537513360238,2.9787021115554118,1.9426626529438273,0.0
3.551239540599907,8.417996372351084,-3.7667725879637066,-10.794815422583005,-5.476538006494044,1.0
-9.77609805437007,-4.608061161276866,-7.64331836622422,4.298973807656874,1.9306362977563283,0.0
-9.357881995874504,-2.5551215833031478,-4.860419660379063,3.25314375661765,1.1010991837902369,0.0
-8.755311765906848,-3.8129548871145365,-5.978823149260829,2.904371195465118,0.15659782597730354,0.0
-5.45552000549186,11.223239765578805,-5.071565699836357,-6.778661084682982,-3.052447101804924,1.0
5.764225614293635,0.1752227863211604,3.4714165353185473,-10.764675828488288,-4.985250121645256,2.0
1.8743574617430798,3.270460569567319,-4.671885710196483,-10.522175012006116,-7.081068936384538,1.0
-2.4764276441937745,8.74763892262443,-5.018851153955611,-8.50224291940153,-8.581289432986086,1.0
3.254327451720225,8.819004186394137,-2.60822569686935,-6.096328706277523,-7.597158272163398,1.0
-1.9274014490506428,8.851938740238786,-5.132106702833662,-9.122009531945235,-1.3696680974978062,1.0
-11.50659610051839,-1.5805405978852338,-4.24469016399767,4.417532144759997,-0.04307389000873485,0.0
-2.694468919752521,6.5113077463123,-4.8295847265801015,-13.28751892193024,-3.6556038393317185,1.0
-8.759540850975677,-2.9061522760599257,-4.210763553588362,1.6517694897863675,2.0689917151682438,0.0
9.419832932356067,0.18922453876892686,3.175559879562554,-13.310765682282703,0.10436834065801248,2.0
-9.508867155167597,-2.770920674521217,-3.141533120304123,2.985693376056502,-0.4926331912905093,0.0
-1.2097826240298095,7.328411793599316,-4.168062414191542,-4.087767206401195,-7.0840797239147975,1.0
-9.1699561074404,-1.4863813296491182,-4.7675482466938695,3.9107452652465007,-0.11806133134275654,0.0
5.025330914465791,2.320559439805809,1.0768111440998491,-3.8381249456107676,-2.8170487319578497,2.0
5.575489360123504,-4.509121443013922,0.11809483021487971,-5.840632460398407,-3.9411906231201583,2.0
-9.669414546358256,-2.7210270637884335,-4.162405264191721,1.534770855317332,0.01346273386065,0.0
-9.968033996820385,-1.8867217834431236,-3.9302235061494866,4.290201668967971,0.8354006732254686,0.0
8.304987097832138,6.822327694045516,-8.80242935061423,-11.508995241993354,-15.822433410459444,2.0
5.448059225926708,6.746030209103223,0.6323960454423637,-6.41068922654855,-5.322044653449542,2.0
6.718997204507215,0.5292899612119633,-1.3790094528678893,-5.830876863591435,7.089780756573312,2.0
7.326219423255238,-0.6144255396836593,-3.144623171250642,-3.8307844252014935,-1.5964071798193094,2.0
-0.49093761415711323,6.1469011410115835,-8.224274423034377,-12.890411564975242,-3.622759079365051,1.0
10.166099534939598,-0.6875920827464068,3.430071113228143,1.1884738972718587,-8.095703923512465,2.0
2.5704749623004846,7.857979749883976,-7.199999093507289,-9.80003079065826,-9.407966027692655,1.0
5.53027043697705,1.4572780415381168,6.197241791171595,-2.9927194639018957,-8.45371568836855,2.0
-0.9367128056850986,9.03332662372175,-1.7696480355217359,-11.867675240806644,-5.293251150008445,1.0
7.7390028846042584,6.726685395117958,-11.334028420447787,-1.2624629574659894,-2.0213329765759105,2.0
-9.785865900763158,-4.786929573034645,-2.9544663809028364,2.4859507617613676,0.4660506223095585,0.0
-9.772066969761765,-1.841637648047541,-3.578935395971558,3.1840838677687135,2.2489733825246763,0.0
-8.559076923443627,-3.4439176816969543,-7.923959317066538,3.1780668623467574,0.7298197131707594,0.0
7.8837012481933115,-3.319378151448877,0.9844735246964532,-4.981180619650825,-0.6114970168398508,2.0
-11.133351941689133,-3.678169539678654,-4.827490061478773,2.317221315233509,0.8591610989900426,0.0
12.780175369322226,5.187024614961832,2.7394241151404137,-10.666427065441574,-1.7852890814099474,2.0
-8.640205708816731,-2.9290371962473554,-4.609852661567931,2.0107549326118095,1.6982954257756866,0.0
-10.952512596930918,-2.983312579564868,-5.417897345645114,3.474591668642785,3.826863728956962,0.0
4.301979810500797,6.635653972899984,-3.8214770627497083,-9.669928352761104,3.731926311866081,2.0
-9.497210543743119,-2.6784627331980135,-5.557555494104683,3.811783466867027,0.25954159250614584,0.0
0.8548708892706789,9.505349093375228,-2.825823645976507,-8.46235407531236,-9.324003629532399,1.0
-0.22901521451035878,6.486708056460774,-7.469740665049029,-7.434581074030275,-5.019803682918732,1.0
1.4213258562054543,8.042670739769832,-4.156444751622497,-8.867717676900021,-4.351815401612719,1.0
-7.834519821102796,-4.756468749666036,-4.841515394840277,2.752928122703719,0.6597704377835145,0.0
7.9146682680182385,-9.132813788435623,-2.0596636094338803,-12.167765111130882,-1.583886481360889,2.0
-1.2821744792978202,5.789193719686899,-7.119470444363708,-9.974174641747288,-5.275053106026654,1.0
-8.040870015756369,-3.0279909613514966,-6.2786255657413514,2.634313815344913,0.2924601139649984,0.0
-10.924438287490014,-2.844877517858322,-4.868907022845086,1.8434587944266096,0.1779987488366518,0.0
1.6289546096615521,6.441158409864415,-4.352437011222962,-10.697358176354014,-11.960607220768146,1.0
6.573862009028123,-4.797204376869822,2.9823268067599797,-3.3977096410232797,0.754072097761012,2.0
-2.1877360503936365,7.524296726101206,-3.06265913195945,-7.0408764229932945,-3.40511500363199,1.0
1.4256509782099231,8.872788149303885,-6.595134231742887,-7.607105597355555,-5.96661215659045,1.0
2.9501463661700256,-4.648582965266721,6.600246144293596,-9.549966415037986,2.997865806985316,2.0
-9.721543859731288,-4.207501719853079,-6.005564402475011,1.8845900112710385,0.38040485080803976,0.0
-0.4479331807906018,5.118917705066048,-4.1621879618900115,-7.036604362784312,-5.729800304569993,1.0
-1.1584827969672413,8.126477503876071,-5.116622171372649,-9.87034106594589,-5.789013607642594,1.0
-10.078156137111002,-3.8007111570913894,-3.757735378417983,4.1295590846455665,-0.6826561953529173,0.0
-8.88367486353781,-4.768908215530933,-4.168401992259691,3.612784529978562,0.06229209020583737,0.0
3.45929301634171,3.7349839266053912,0.4745740478133476,-10.047679689449595,-3.2106556578399075,2.0
9.800483869456157,-0.4062707308457827,3.743282866804368,-7.664490267475086,-2.5320684287184094,2.0
-8.969212104328893,-4.115335036492098,-3.9323408287763835,4.074797697995605,0.4823044775089214,0.0
-9.507267820448057,-2.999609264381017,-5.8500925117378255,2.904417341902608,2.062431693511784,0.0
-1.7083250542741681,6.151266856940989,-6.380018627064288,-9.873146658643027,-4.5617543596271855,1.0
-9.591201526820447,-2.867284402813306,-6.9263429098070155,1.7534088680926603,-0.494156022402346,0.0
1.3371265121670517,8.12228258549835,-2.467356549094622,-8.788476471048114,-5.543880993735593,1.0
-10.746978331059204,-2.7119468484707174,-4.447393766071564,4.94968560269715,1.4713731198448596,0.0
3.1677189845546496,-0.8561073536005153,4.312288175936059,-7.352685836880775,10.880845485631534,2.0
-9.154103482832644,-3.534773506848004,-4.760616145553338,3.2787929369331517,1.309539288511109,0.0
0.01380622531973874,4.564016661964633,-8.777276879830593,-6.599817371808527,-0.1307834642573127,1.0
3.8115011540941985,-3.1454555509926445,-3.7505260169355292,-10.667528304608135,-7.004978565476634,2.0
-0.7039106474556369,7.789860414453436,-6.383588855889203,-10.672477313951507,-6.740505019709663,1.0
0.8889962450602649,7.738399509822748,-6.693763441093284,-6.9178457802008255,-5.089531727165671,1.0
6.012640182675055,1.5899161949576275,-5.53831227477665,-10.601058495417142,-0.9525026773010299,2.0
-10.931725096528979,-2.3813504058540955,-4.82335605017397,2.4840760622357267,1.5500557466040272,0.0
-10.247090089908726,-5.448627635524593,-6.845933435471808,2.9702035581355175,-0.9621847628309443,0.0
4.06895857854139,8.671076473276953,7.506353630415746,-9.158764542148518,-6.531002702055803,2.0
-9.783035684850416,-2.284059168438743,-5.711781589301274,4.704680880419771,0.20444027263204445,0.0
4.927243366985952,4.245458113635859,6.798407080972022,-10.555816239950774,2.8405085214531063,2.0
1.8596633666248898,4.9251480488408905,-3.2051677275699633,-10.683300179544505,-8.277737325951314,1.0
1.4659216807322766,7.680145198294443,1.6712741181709543,-12.827541268133643,-4.756971230976545,2.0
-0.9229130250783447,5.655640254025676,-5.216706601776605,-9.473442190061206,-5.352676409121906,1.0
-9.832397851427999,-5.229458091785442,-5.341406784508359,4.410702774465894,1.9693321969267152,0.0
-10.466815288799575,-1.9652075065782204,-4.5875174781261485,1.897119962943793,1.258302073150714,0.0
9.626537075218478,3.2173324176178366,5.0348107506063755,-5.433836010537535,4.458093195730272,2.0
-1.137210590158392,7.666608079669183,-6.165011923787734,-7.749617387895684,-5.503403037512443,1.0
-1.9709066178046657,7.733941919835365,-7.062645873586806,-7.734192158963374,-6.402365124504798,1.0
-10.123013527741422,-3.826924414359726,-3.4471616986318523,2.6793907388052727,0.3175196478518446,0.0
-9.73245425568633,-3.108908604437486,-5.020189018497994,1.082594637347039,0.7825888070465687,0.0
-0.730145581461651,8.722307336328381,-5.764742071010342,-6.9368534565794935,-3.234359535428471,1.0
5.564850233174481,-0.6778962871527157,-3.0911075664634544,-5.584764143103579,2.9830738202897837,2.0
7.646268202014097,-0.4380983640222065,3.706209285765327,-8.974395379643603,-3.4631246515773753,2.0
6.198180662188352,1.6176651634927208,-1.8739153931417194,-6.885404888066487,-1.9690125264512794,2.0
-7.845804837461695,2.7544313076990097,-5.146751633867598,-9.353131765826763,-5.635412944602025,1.0
5.694618686876659,-1.532195066253648,0.2889291907812375,-4.741494463896675,0.12556066849248904,2.0
3.2223942414207847,6.606231236862817,-5.001310722093187,-8.804086103434726,-3.996561154874809,1.0
6.676687765882379,7.698999303544486,6.965380134099134,-3.5968124470054055,-8.22817690990234,2.0
1.2649994362231913,6.0958441272996975,-5.008768334645636,-7.906515041967389,-6.171289631605274,1.0
6.223747108344428,2.114520562046234,-3.868170896355206,-4.950555500329195,-3.9801613110349896,2.0
15.46249038498083,-1.618930850808669,0.8632458629937592,-7.8624087424251465,-5.515098734966358,2.0
5.568160619658929,-0.05947314746092469,0.5707562472867453,-11.055697049980552,-2.0596404652329685,2.0
-8.076275607374708,-3.648738826260649,-4.946089751278911,4.645638188338295,0.36555641747085055,0.0
16.612584906681086,-4.8113338357392,5.198521012614142,-5.135461298491775,3.526830801925837,2.0
-9.100070390409623,-5.37893813965735,-5.931423238199543,4.361109352548099,0.8850083989116749,0.0
0.37404541446365436,8.229881094787041,-5.045176168186,-3.711478995381709,-4.161601037841489,1.0
-9.759568564005821,-3.3181426965444945,-4.197514740556414,5.662478330019699,3.187096051727464,0.0
-1.455906944842518,8.560154967183399,-4.348369935015548,-9.231503397799758,-3.5416402798781377,1.0
5.8628279809135115,-2.599692703199109,1.397871461221066,-2.107010916317206,-1.3086885238784363,2.0
1.7846717217724657,7.063472488934845,-3.453804277211058,-12.410646898161898,-2.8996812636976528,1.0
7.099258558848357,2.6547410273191234,-5.773455964814425,-11.113694431192446,-1.7966266555486592,2.0
3.8460878961713147,5.782619773619857,-5.563067050682849,-9.369875402773573,-1.501541971142474,1.0
1.6466077994713206,8.465491427683805,4.353979516404398,-13.77662264025243,-1.1140593799075704,2.0
-0.1518007720752319,2.140831254980542,-3.575787123424889,-6.065911753739091,-7.683554200556745,1.0
-0.9328731372544267,10.154845601046908,-7.81254785592202,-6.9168957311612616,-4.678609206152658,1.0
-0.3484522455044834,-1.0648688473676815,0.98518752980426,-17.98641058081233,-11.961680125285087,2.0
-9.11450047349592,-4.586403429972924,-5.406769550974499,2.089563448955458,2.314761940995845,0.0
-0.825865668314731,4.247539667341226,6.678250515662638,-14.59340392458482,-2.5343649981321605,2.0
-0.9085739129271976,7.138204415956854,-8.155997149004431,-11.349211195431927,-4.326442624238863,1.0
6.3114042248388005,-6.974460683459329,-2.607896324415957,-14.547843541358521,1.2148391217462828,2.0
-3.0501930561143884,9.879163072101228,-5.845323372739655,-14.123251556504858,-1.0890798119974328,1.0
-9.19810311304958,-2.8783101030501177,-3.8364489310058465,4.548334183032155,0.05778111964543098,0.0
-10.371344121792589,-3.3913036105126686,-5.03717598487618,3.0980425975622903,0.7141144809904878,0.0
7.265330874392842,0.38181684791260007,2.554250818591638,-3.5600199135975825,3.078419915820831,2.0
9.940423431397866,-1.5138100142452484,1.292399917441135,-3.038109068588594,-1.1640559606414236,2.0
-1.592908914053665,3.7549647861750235,-7.073831166999651,-7.627461750061401,-7.168570948664195,1.0
-9.797868553761653,-3.9358389272849967,-5.832069788768459,1.9811509041479043,1.346067499168319,0.0
3.861141576148893,1.9823316932618291,10.640049725191199,-11.492793221457134,-5.757204565874297,2.0
-9.394734026025139,-3.6752889596400946,-5.958850959651937,3.109721132668735,-0.38663537433415396,0.0
0.2652702037501893,8.996370366711862,-4.801407287130507,-7.956336337021752,-4.1212188926569855,1.0
-10.348588454470008,-3.4467687379864342,-6.396723155549555,3.369682569189709,0.3487671192412125,0.0
7.1027004923471315,1.7288227327734669,6.427871175061775,-11.483860055323369,-3.692017508405433,2.0
8.376860952870855,0.8172462937782733,0.5028978353900859,-5.628798656313018,-4.890549096866247,2.0
-9.989178040663157,-3.1052992616382045,-3.48600628756122,3.0876826233256787,2.5712678937794218,0.0
7.523371529116126,10.586241582820737,5.518496407150533,-10.301353551202876,0.25971555933715695,2.0
-1.9346361826262797,6.644812997134489,-4.624696086765083,-7.339685972003958,-6.087550478494756,1.0
-9.592975962511554,-0.9203843822246545,-6.229311259000996,2.21646343318531,0.023266064528045582,0.0
8.811771150919723,4.965031704092196,-1.7880488014203566,5.009952250223041,-3.5466268520440867,2.0
7.722854848223939,4.475530750069801,0.8225368834520692,-4.331522836929419,-5.141055350161909,2.0
10.240577401561536,-0.5051880331805925,-5.063735541411271,-5.9773960431883655,-4.213814551637601,2.0
9.1763967521009,-5.529946128644178,2.355555341921315,-8.942653607650177,-5.525163779903544,2.0
-9.711271211088643,-1.9329264884338913,-4.954773077412403,2.7270705760262004,-1.4621342267437742,0.0
1.1267342588224714,6.32440598039259,-6.5786060622304925,-14.13504958661327,-9.192856795548806,1.0
-10.284404117602454,-2.7609150277625236,-4.079476134183235,2.5664072438604313,-0.41068063730748783,0.0
0.500515907703871,9.665190889299433,-3.198302746451232,-11.794894745521786,-4.183625432959238,1.0
-9.093177883087733,-2.351084191808538,-3.7613523682886445,1.9311212730085867,1.6509637593374022,0.0
4.973890846170087,6.9387702062105845,1.657826304868276,-1.8371575587308584,-0.1532220159308939,2.0
1.911342981694271,7.736469112350106,-2.553229364899791,-2.8855677728666578,-6.453104076086321,1.0
-11.263606635865717,-3.855456473149265,-4.0099243001697165,4.443828186696868,0.10003222615610341,0.0
-5.750379622674097,5.635012256716658,-7.402812404202085,-10.82536582920369,-4.7594329484230595,1.0
-11.198777996412133,-3.89518011296348,-4.866634227656851,3.4376426971723166,0.08016984582925402,0.0
-1.9153646141544507,5.255451380400938,-4.597792969754542,-4.915304927143918,-6.281198652542239,1.0
5.031054356587904,-2.281839172075068,2.643891834647455,-3.596919187890208,-3.2209438024584673,2.0
-0.6257941994506332,10.818010514132176,-5.526584292449776,-10.027880645256428,-7.667955364890179,1.0
5.033584723302967,-2.9639304766866896,7.301954024333624,-7.98450299461675,-9.424897932722256,2.0
11.648001359371198,-7.034628045738884,-4.85957935705724,-7.106417832840493,-3.4723381700401763,2.0
7.032206537561137,-0.8006643775752746,3.4998038287369484,-1.3479447377768636,-1.1655416674623567,2.0
-8.621420832570458,-2.9244199004162943,-5.123163527845728,3.934819999181771,-0.47504041053983226,0.0
5.474857723622802,-4.487457452979983,-3.2982413061527516,-9.081253530277127,-5.332957562677906,2.0
5.859779298303975,3.239837764235553,-2.196965606630061,-8.257239127622656,-2.7074826165089005,2.0
-5.593702641689255,-3.0541864910495518,-2.104782452904192,-6.81650932532411,-2.8171502801128145,2.0
-2.513591583610394,5.311733833444228,-4.726690439307439,-11.738992315596617,-6.2676108248877895,1.0
2.2721009015926406,1.6544870456299292,-4.734139714664081,-10.102351727946141,-5.529741416796546,2.0
-0.6211652331530596,8.422434542283257,-6.112059407546109,-12.912737682966943,-5.972441491089529,1.0
-9.552692305501724,-3.228888060069974,-5.2785931642637705,2.2319819750651892,0.15422343126901206,0.0
-8.50502036617719,-4.289556640033519,-4.776997562127437,3.8742179496638323,1.6293307700636908,0.0
0.4140676017466034,6.358562837703303,-5.616243146939644,-5.249100590268527,-4.547099158579229,1.0
5.694795983835105,2.881777579231138,-0.6048628737058593,-10.455799813493647,-6.237612070223214,2.0
-10.521077770002321,-4.138232389948765,-5.598269389990064,2.6545286111164748,0.1878018065702376,0.0
5.034495560560584,8.395328641040539,2.148758935454406,-4.773122049821334,0.3382249255490879,2.0
6.292541518749841,3.867039336014298,-1.705460958644399,-3.9488416323668187,-1.2120254325244653,2.0
1.0221478303785547,-2.597100731601003,-2.68343456795257,-11.568529096147282,-4.6408250488734115,2.0
0.848729604194019,4.486033400594815,-1.9406239615396688,-9.071676368586367,-0.18546000417330877,1.0
-8.412498952128345,-4.543493088401632,-5.616062938316146,3.5393660236625424,1.226492706502091,0.0
9.451260086422156,-0.8377884837554923,-3.309316283171906,-11.559185410927018,-2.588832285160112,2.0
-2.0645782218436866,5.59596465749418,-4.7183228726316555,-7.577610370477881,-4.582191396050553,1.0
-2.0351943247060875,9.383790757587184,-6.3046969832747966,-12.926206046395901,-3.2918313647488833,1.0
-5.111077537388264,6.809424428214041,-5.5057365361689605,-10.830408845290282,-1.4868077885042812,1.0
-4.549750387511275,6.926509165471665,-5.53370257239325,-4.7093335353250705,-4.19791562893419,1.0
2.8539723208419443,3.2409955521612277,3.044246740572238,-5.99628161307185,-6.447322108496067,2.0
1.9713779932392148,7.93888172171193,-8.630694318469843,-12.577239362734751,-5.862602772236407,1.0
4.826410823376641,7.004496317159761,-1.8629271506159886,-6.019910155573567,-2.5363496592635104,2.0
-10.068558671541554,-2.909298528166252,-4.432775355518712,2.4968549822299995,0.22460182280250207,0.0
3.1529458080498496,7.592641385187022,-2.5171614472810426,-7.183193728467237,-4.061300776856294,1.0
9.867827821475645,1.9847179621161692,9.283696215270757,-5.2430113996113175,2.7298317043285323,2.0
6.609238713731596,5.995092225737012,1.903470612320172,-2.140651128178747,-1.865966197201303,2.0
4.983577919652868,-0.6077958977598559,1.948854180390213,-16.81507379587432,-1.0586269160938873,2.0
-10.408756393073238,-3.8825530697299735,-5.99440117486548,3.2834830674983984,1.0262278183074598,0.0
8.653058379891657,3.1832548889769114,-0.33227595235320706,-8.645833370695586,-6.1438799545061515,2.0
2.6742788188658833,4.941511192563274,0.047766522097820674,-4.219292411668404,-9.414191577576915,2.0
-9.564572018579995,-5.1139340135689215,-5.336642799468427,2.051363100067694,2.148527490671479,0.0
-10.045048330562956,-2.4371807573140294,-4.292894028678821,2.300075946287917,2.527436491456535,0.0
0.8603611053376479,7.337756519598674,-4.4779561966427,-5.385244368268234,-2.816034054332065,1.0
0.4700406924749544,6.677953345757555,-1.8773875003332265,-10.164752511408674,-10.333763112819685,1.0
-9.099240679348858,-1.7741696487622653,-4.013390575568723,1.6845371475779969,-0.6231692170266667,0.0
-1.785097758601744,9.913773270722578,-3.2120371035253323,-7.631904301288699,-6.323341192846623,1.0
3.1357307043769027,8.253697026300905,-4.085972956589236,-9.255717925050188,-7.559794726223773,1.0
-2.197009234898947,7.890493099746853,-4.6068741184273465,-11.468067511821046,-4.962358457948646,1.0
-2.0864490215357128,5.741454700619304,-9.136408135260147,-7.215466805323947,-5.484434439749807,1.0
-8.741275343815428,-4.761957318814547,-5.288937646566174,2.720492467642848,1.1025046621244279,0.0
5.1615263766441615,-1.6065394337586043,-5.0540985093862405,-4.7523385219117,-0.8334081232800461,2.0
9.203886099713285,1.6788059561261885,0.7666761833876287,-12.56921781711476,-3.600374059504792,2.0
4.964433303551047,4.5407466525339455,-2.0730480783648333,-7.226660008824279,-0.7419153867599189,2.0
-0.459443599332324,3.996068410755159,-4.631391275071021,-11.344176409836704,-3.754785760185472,1.0
-9.313663901139973,-3.7053210635359277,-3.742916062061401,5.410241619697546,0.9909513682718137,0.0
-1.2162323707349165,5.6718177856834915,-4.17457594401753,-8.502154761596948,-5.532381918712923,1.0
1.4540777400511564,5.32679881432013,-8.13439930387133,-7.596589147979462,-7.0247339486636955,1.0
-8.171377123221806,-3.5010846332407137,-4.190740832690779,3.24305809950509,1.8094477562444395,0.0
-4.42206392047163,7.838431672517995,-6.580958849456952,-9.122775105144289,-1.930478997497409,1.0
2.6535072928921295,7.451623766781049,-7.866124582545997,-7.027018873468027,-3.1351909887661646,1.0
3.146654882422834,2.7935456797750793,-1.3492603208930558,-6.42082223084333,-1.581701141966318,2.0
-11.388111791954012,-3.1067665575687875,-6.879747011522028,2.4326142285749675,1.080942588552766,0.0
-11.122690827991413,-4.900457544843501,-5.412094730875245,2.859304704652432,0.5317548188226747,0.0
-1.3818732965478313,7.24034194980818,-5.515156135352286,-8.785667223289762,-6.562348593782101,1.0
-9.138320704351523,-2.4960033722932633,-4.148063263910979,3.878748622890183,0.07410291508288946,0.0
10.52278721083576,-2.5726609540108103,-2.8700138933097032,-8.277961533379125,-11.836580400571242,2.0
-9.2722021210189,-2.8115189376472367,-6.315619205854297,3.2409777878295674,0.8815135788617938,0.0
-9.430916571631293,-3.0507154362428706,-4.825193728510507,3.7939883719976857,0.683354479518129,0.0
-8.780448742552313,-2.6618839892149877,-5.812600426354977,2.015979942945348,2.681955907519061,0.0
-0.9963301098873197,10.520592588518298,-1.5498888934417252,-9.533060493070655,-4.798450024443556,1.0
-11.92234121714058,-2.285221979193146,-5.752365016447057,3.921894105309083,0.04505944106748272,0.0
-10.442693293506746,-3.1612488358009054,-5.3342897740442385,3.105983010177598,1.000176636479975,0.0
-9.999192243594008,-3.3329112401626166,-3.4835643436376778,3.1366103492989663,-0.2327910025149209,0.0
-9.41368612252575,-3.934463005461086,-4.690053693518088,3.8307313555078726,1.5838858297567033,0.0
0.31095035932494586,0.13854595836883954,-0.4727192983838707,-15.710577683793783,-5.757748338591263,2.0
-0.9124827927451306,5.803469272440294,-7.992269690526651,-9.830760598055784,-8.528560547854266,1.0
-9.586190077219374,-2.802709430941921,-4.780310580706351,3.2390763675953487,0.8476550300736385,0.0
-9.747462511365477,-3.0960329464838012,-5.160605957036344,3.3240818039654174,-0.35641505769894244,0.0
-10.298800965831889,-2.1659116434102827,-5.48604968590066,3.2627810127072183,0.21107399215105083,0.0
-10.928298285778812,-3.9226156173018847,-4.317228815541113,2.4920228210613597,1.3272231620318298,0.0
9.109414987949574,3.1862999060024153,1.183461845607572,-6.062972503465645,-5.666739751750231,2.0
-9.558397827948616,-2.8198359925706695,-6.229985076619603,3.313823697508815,1.8801227233389914,0.0
4.894099790649677,5.996985246618283,-7.223219256577141,-10.412975624117013,-5.178732783850625,1.0
-10.04121819940349,-1.3144990026675256,-4.420368220864139,4.963793547779785,1.2834387765408692,0.0
2.5005301682902945,8.263416734566709,-6.0756449632081795,-7.069629654600652,-8.281052749385081,1.0
7.0670429571278754,0.9301646923022022,-6.631383199842847,-1.457165975744374,-6.876453004880027,2.0
-9.342213155172372,-4.170882601621198,-5.366803254206638,2.4854822981914007,0.6768683380840983,0.0
3.194879392213399,-0.36153094852542056,-0.6410131420612707,-6.995651282560795,1.4652747027128568,2.0
-10.776516776528073,-1.9782625387938102,-6.255622047437595,3.5959727204324086,1.1269679415526725,0.0
14.067335756229387,-0.12108410542648906,-4.259246364296086,-13.578395082560615,-3.6284268325004327,2.0
-10.267752353334307,-2.898180883184494,-6.850421231336496,3.306597619993678,1.8172935018316143,0.0
3.0597975425228614,9.655089713186612,-5.893296205029065,-12.730158086485975,-6.822186874264756,1.0
12.582550597052277,2.9044853951456417,1.6929779721841849,-6.780120062057662,0.0703147954194745,2.0
-0.11060205802940871,6.90316620772449,-4.1743522094060905,-6.386248727367558,-5.938525416715937,1.0
-3.8026063011373283,10.544795556084203,-9.033659763015187,-8.719684399514108,-7.6914782526735825,1.0
-10.085953854770956,-4.362317257212506,-6.079340993740093,5.396906261795749,1.6544959595381041,0.0
-8.54009356437347,-2.9296951432596976,-4.976230900144964,3.4240350637420813,0.39781646506478374,0.0
10.036432877377678,-5.52958790934478,-0.4509589658987754,-18.389490657923993,-4.497775761823518,2.0
-10.116039682498254,-4.29470406389038,-4.5049652865006165,4.566003288423749,0.3515189869425239,0.0
-1.447729975224318,6.805201006857651,-6.844368742365979,-7.899825908359185,-5.222923287013105,1.0
14.29899838325186,5.574962177151373,7.455088100504903,-10.138203726978277,-2.290558994861719,2.0
1.4289554458503377,4.49753027035625,-7.742078352993737,-14.722285156154175,-2.429589912552029,1.0
-10.973510888533198,-3.705090374408214,-5.168888903912401,2.9893293700503927,1.0994783087154025,0.0
-9.030457836095684,-2.71713811055651,-4.959940327243385,3.6910780955516382,3.3933026500340575,0.0
-2.771360274474263,10.369038793612786,-6.149864298548826,-12.716674426540376,-6.526573186966218,1.0
4.866753030715156,4.419873852002764,4.9128220228081565,-3.6651580984827272,-6.11723408780723,2.0
8.39717211886998,1.6515636481772789,-4.942340661945658,-7.745095666088787,5.52907362807389,2.0
9.103696107163174,1.8839399821903,6.753236402976713,-9.043431125360767,-5.468059738161695,2.0
-0.2729056377796874,6.512963739969706,-3.8386030877608532,-10.187157805572578,-3.9267815628895324,1.0
0.904924941142677,0.15384158215623256,-5.1584374909607815,-16.438760852334802,2.6103577966719316,2.0
-9.86140980212629,-2.766202628192063,-5.313729241912106,4.1910395613308795,0.434327376348822,0.0
3.9452640692912784,7.126928314667796,-6.770896797783876,-9.951641077109013,-7.821648715911437,1.0
-9.912996147998808,-3.8491563920081155,-5.210406855428409,3.9923621521984227,0.51460034190613,0.0
-2.0422184559829173,6.1245307142185315,-2.25889169489371,-9.743098522695611,-4.219794866140958,1.0
-8.877787746220855,-5.166448960584395,-4.979575103729126,2.201699458305181,1.6258170530136686,0.0
15.038388147306538,-3.9901092196587786,2.1118810542402415,-6.713510419308466,-7.789455345256242,2.0
-7.854109100185895,-2.9320427122968526,-3.1968386352763822,2.216522913084963,0.900401599599849,0.0
13.277030304158888,1.3848874230689232,5.20532276207959,-12.635944293401677,2.010350946798374,2.0
9.002804040757308,-7.220244416780979,6.136089739163926,-13.760649941830689,-7.37170683058677,2.0
-0.6030863233252219,6.06637273918109,-6.118350394139979,-12.506110272774201,-6.2224721138578385,1.0
-9.021660434322593,-3.5877904161704857,-4.916639032933555,2.2175652628465916,0.6283633698056503,0.0
1.5334049637585663,4.257180653122097,-6.281476971820577,-9.63331825418583,-6.810354920647205,1.0
-10.893766244818824,-3.7251470734126557,-6.24725781273908,2.8884428662512667,0.7970005234451553,0.0
3.948058665065325,-3.610657455656977,-0.4243358360744274,-9.39752198571248,-1.5555375100429223,2.0
-10.7806058840148,-3.353132833868371,-3.9247125916184045,2.979172208366986,1.826921509970156,0.0
2.6968480788913873,-0.5985067116524694,0.992700531046105,-2.610325480446651,1.341334364940315,2.0
-2.336135016583577,7.756855025777565,-1.674868096225906,-6.08229097352547,-4.783049128504965,1.0
-11.60914268722689,-2.725196458625794,-3.6579878909981645,1.7349689051003947,-0.8644057699311336,0.0
-10.7774110062898,-1.8235812058292866,-6.360709245571547,2.451724373635157,2.0043187245051826,0.0
-1.2410178323427636,3.8481296959182716,-6.825862549646016,-7.061929870288481,-4.058166294507368,1.0
11.357435320532371,0.18950759572350573,4.072384728331903,-4.211616755061536,-4.393768557940826,2.0
-1.4413371542138154,5.301088627594293,-3.530403942285151,-5.649690408467967,-5.922472353243764,1.0
8.720879425658126,3.0209686000434046,0.44357264062634266,-7.172185547535807,4.424453278798705,2.0
-1.302187562276459,8.07146380530226,-6.2248343121966085,-9.714394970661067,-5.179170388892742,1.0
-10.271366711812105,-2.7704978522069785,-4.729819903184153,4.867778077599764,1.547378961374587,0.0
13.380044535649287,-1.3411858210966598,-0.9019509708649918,-8.84456826952211,-12.312770758354725,2.0
0.027491996585644135,5.940198035934842,-6.259978356938037,-14.057229231419683,-6.9374344022521806,1.0
-0.09952375846973638,0.46951664832816165,-1.63278753742014,-5.78338408706797,-2.409093258872907,2.0
-9.315264371119186,-4.202254449552047,-4.499548265493779,3.993548435894276,-0.1936263727951748,0.0
4.059656179231132,9.999168180205759,-5.416880315095179,-10.754858703123672,-7.867455425623739,1.0
10.20550180593095,-2.7076892241581376,1.5733665937942583,-8.260845601746274,-1.8741635218984491,2.0
-8.33757989113126,-2.7621973294114346,-4.236763390107107,2.5727370577119575,2.809655922991378,0.0
-0.3200845283370297,7.548889355941458,-7.146399555832725,-11.14113981720216,-5.163687890647903,1.0
8.407109716339983,0.7295102012373504,3.0525894261506257,-15.640791880334394,-2.609540825914007,2.0
-8.986858158557565,-3.38088232262533,-5.088587125634735,3.5484193087095233,2.3492396237638413,0.0
-4.194265803260571,9.050899612323892,-6.784952034731011,-10.5161012971583,-1.6832599019055143,1.0
2.6397709977271218,6.0414783271899,-5.4493467823225865,-10.796661887177198,-2.322649539074101,1.0
-10.692304760812476,-3.85263466217228,-6.270773842468907,1.358945134925817,0.390990855164451,0.0
15.029962687948345,2.4335484102730014,-3.4546886316129743,-8.189980698732636,1.5569007223181632,2.0
0.011410514783991521,5.943835861705681,-5.776692723771073,-10.71880461596292,-9.579674828863379,1.0
-10.666624036971546,-2.334005636750089,-4.7617487289532345,3.1908399572991506,0.5702700065925825,0.0
-9.075676718783672,-3.28435429828012,-6.123340967501986,5.923443771120012,2.4076599756610797,0.0
-8.396575736187815,-4.6897907218610255,-5.051944323346532,1.7513817290941667,-0.13456063215968772,0.0
-2.516888170004509,5.992807597504807,-2.7534247040179443,-9.136189110586676,-7.179755126240537,1.0
-0.7421410695428422,6.864628251517011,-6.077856227376422,-11.501812338817004,-5.642775035508256,1.0
-8.307967780551113,-4.197881459547551,-5.588471670826401,3.095483102970686,0.30046044319557097,0.0
-8.623234755610714,-2.7221123248906824,-4.559939408251858,2.8696848739263427,1.5121200368714423,0.0
-8.545465933373425,-3.9222086129932774,-6.661351701752411,4.22489068230597,1.3815197522020544,0.0
11.37754559891599,5.040994212971543,-1.337115124804665,-5.309031697759271,0.41033060923238596,2.0
8.228664512878646,0.5580999333577975,-4.896791237362515,-7.06708832939662,-2.470280036077794,2.0
3.7836694628026026,6.874892786917001,-4.289515632766711,-9.350043772330086,-2.211016903774765,1.0
-10.704322649340714,-2.487943510410031,-4.125107588263418,4.156085958594155,2.679252864381553,0.0
1.314098275763449,6.747289661066285,-5.258672410020185,-11.20524600806105,-5.8069969064331035,1.0
-9.547278908497052,-2.6782465866091987,-4.561887467990914,3.5280377778614365,0.1265178509797784,0.0
